id,name,gender,birthday
96c8937f-d99c-4515-acec-db24d07768f9,Gerald Odom,Female,1990-07-21
7cd5e7f3-39c8-48ce-950a-1b70449e7829,Brandon Lindsey,Female,1993-05-05
dd3b89f6-3929-46fc-91cb-d62cee594688,Rebecca Torres,Female,1990-12-15
026f0a0c-400a-4482-a51f-c8bd57fb07df,Alexis Cervantes,Male,1987-10-26
7c76af9c-d5fd-460e-82d9-5a7b2a4a118b,Edward Ortiz,Female,1984-06-14
5498fa51-5a08-411e-a034-3148ad7c5716,Shannon Alexander,Female,1984-07-25
d1747387-f31d-48d2-822b-699d6eb93a2b,Susan Castillo,Female,1984-09-06
a40cca2b-cb31-42ad-8158-39b67128d0e4,Casey Miller,Male,2001-03-10
6fb49b2f-4596-4be6-add0-f39f914cbd7f,Kristina Snow,Female,1997-07-03
90831ddd-286f-4f2d-9c72-bfd03c07460c,Keith Cook,Male,1984-04-08
99f1a605-b7a8-445f-ba72-52d309e7078d,Christopher Robinson,Female,1981-11-14
c8561416-e50b-42c5-9d99-12c614d3c1e4,Richard Holloway,Male,1981-07-25
ca15efb7-c4fa-42f4-8445-ab1d8c7193cd,Sean Koch,Male,2004-11-13
b0d4d79d-25cc-4383-88ed-1fc342166ccf,Susan Stephens,Male,1985-09-25
907024d1-9f03-490a-a92f-686ea99c55f2,Lindsey Ellison,Male,1981-08-03
3d03656b-09e3-4786-a347-4f45e4218db9,Stephanie Love,Female,1997-12-26
545b7872-c4e0-4687-8b2f-1d13c03ca2ab,Dillon Jennings,Female,2003-01-11
e3afd136-901c-4557-ad38-9721b1da3d6d,Jessica Lewis,Female,1998-06-28
a1d0024c-8d49-47f7-99b3-14c942239ebf,Miguel Ruiz,Female,1986-04-20
9c1547b6-05dc-4534-a60f-c75d32b243f3,Mary Kim,Male,1990-01-10
89e063d4-d84b-436d-a7ae-826f80d9d013,Mr. Brandon Thomas MD,Female,1985-05-29
7ddb6348-6ba6-4304-87da-af57df7e7142,Connie Harrison,Female,1981-07-13
c074e00d-755a-4ee3-9efb-9d6786b9517e,Kimberly Schneider,Male,2001-03-13
ab7dbeec-fce2-4391-ae75-05274a0e7e75,Scott Harrison,Male,1997-05-10
d7093e25-a54d-4730-8fcf-0258e220b078,Anthony Wells,Female,1983-12-07
14cf5ae6-46f6-4727-8b31-099c771e67e7,Eric Austin,Female,1997-04-14
9f0be1ee-2d27-495e-b63e-6ef23b4f8f40,Ryan Martinez,Male,2001-07-18
b028022d-60ff-416a-9106-f3e73dac72d2,Cody Gonzalez,Male,2004-06-22
1171575c-dd12-412e-a49f-54613cdf14ef,Patrick Thomas,Male,1993-11-16
c0989acc-466e-4107-9990-879c0a599f7f,Howard Copeland,Male,1990-10-08
dd7021b7-00fa-43cb-a061-6f601d08380d,Christopher Graham,Male,1988-05-06
0551e79c-9e23-4566-8ae7-f3f82d3108f1,Rodney Berry,Male,1983-03-13
7db5dfa7-a22a-4256-a935-6d66bc0bc58b,Marc West,Male,1983-02-15
ed0eaab6-7120-4997-a4cd-a2e3f2175075,Vanessa Coleman,Male,1982-07-23
3dd5e6a2-b23b-4ee5-b866-34d2e0a1cd88,Derek Smith,Female,1998-06-30
850a8d12-72ae-40a5-a31b-f36a4477b4b0,Deborah Morgan,Male,1987-03-02
c93c6590-67d9-4158-aa3c-56b31e7fa654,Douglas Shelton,Female,2005-03-07
db0d9043-952a-495e-8608-815fdef24bb9,John Gilbert,Male,1993-02-22
13b40b8c-ccde-403f-bd97-e6059d0b457c,Ryan Carpenter,Female,1999-11-13
6d40ab23-e87a-415a-8bb6-ad0748a3142e,Susan Meadows,Male,1988-05-17
29a9dfd0-5ff8-4fdb-a3d5-d7a3928e5f00,Tyrone Ryan,Male,2003-08-22
cec6d6a6-2407-495a-92fb-218b3471cf04,Michael Williams,Male,1999-08-11
dcfbe751-f532-4901-9574-56e490212f8d,Daniel Small,Female,1981-11-30
4a9e92bc-8469-40b1-b4d6-def136563a54,Ashley Johnson,Male,1997-10-12
dacf3f99-3805-4ac8-8ca0-aea33a8990cc,Alex Taylor,Male,1996-07-24
ee77f7ea-85a5-4ebc-8211-362592fb73d9,Joshua Webb,Female,1998-08-06
eb8a5b36-47a8-47ca-9c1b-6417cf79f4b2,Michael Welch,Female,1988-04-01
197ce683-0876-41d9-b9b1-c95541abcff9,Amanda Hill,Female,2003-09-16
ac22e00c-bce7-4bcb-b15c-bd247a90d81f,Shawna Hill,Male,1986-07-12
b9b25607-9aa6-407b-a217-ca3a6ac85ee0,Julia Henderson,Female,1988-04-01
aadf86e7-5ffa-459c-b0c6-39c2f2dcc137,Russell Mitchell,Female,1991-03-28
b16ff5a4-7808-4246-9b12-b0e4b37be33d,Mrs. Melissa Bernard,Male,1990-11-09
9bb9e572-d84b-4150-9ae3-6c40a9db726e,Lauren Hill,Male,1984-12-10
30169b50-82a4-4785-bafd-3ea0a7813812,Ryan Hart,Female,1991-01-18
1d50c253-2f19-4217-8a39-63a9285e8d81,Deanna Torres,Female,1988-08-01
8b7f9b7f-90b6-4887-88f8-0e198a9b007d,Scott Thompson,Female,1985-06-14
f854ccd7-c344-4dcb-be1f-5155b203260d,Samantha Kemp,Female,1983-06-30
b52d2130-df67-4e8a-b021-35b336e77cab,Emma Mitchell,Male,1987-05-17
e522c479-a277-4f1f-a522-07b64aeb54a7,Rhonda Small,Male,1989-10-03
e2fdd593-6e2b-44b9-900f-4ce6059f0e7d,Andrea Page,Female,2004-12-03
4d527a26-b379-4f9c-89fa-22b86436e52a,Henry Zamora,Female,1983-10-08
c0822f00-24dd-4196-95f9-6192ea457af3,Joshua Henderson,Male,1993-09-07
4cd349ff-2024-402e-873f-ae58b4d09deb,Melody Wright,Male,1985-08-29
bcfca76e-53b3-4d76-8706-1e010a91cafc,Deborah Jackson,Male,2003-07-18
13735417-429d-44da-a3ca-31d912820071,Sarah Hunt PhD,Male,1986-11-29
b57e8de6-9ffe-4318-8d96-ed66f6f29452,Angela James,Male,1995-06-21
58f1f390-bbbd-4dc0-8ba3-e22150dd49a5,Michael Briggs,Male,2000-11-19
76d5dbd2-cdf5-44f9-8cd3-7f23192b5af8,Amanda Nelson,Male,1988-08-05
312da57f-7410-41f0-b429-91b48047edc3,Katherine Odom,Male,2004-11-11
9f1db337-fe9e-4df0-bd1b-b416b7664ed4,Harold Jacobson,Female,2004-07-03
2dc6f7be-df65-457f-b47f-f858ff7d59ba,Eric Porter,Female,1994-10-29
0a5516f7-0a39-4fce-8e3c-97fd82d48389,Johnny Ryan,Male,1998-07-07
3062db39-de89-445f-b2d6-286f18889e03,Jeremy Hernandez,Male,1998-09-11
1b3b33c7-3982-45e0-a2fa-9e33ee3b8948,Jessica James,Male,1990-12-30
053a890c-690a-4e3c-8e32-e5fc28b63d61,Kristen Mack,Female,1985-11-06
a050572b-cd8e-4453-a550-b66b82677239,Michael Murray,Male,1990-01-16
3e061362-3089-4225-b440-a1e21ca9c640,Katie Ruiz,Male,1995-10-24
57e67f54-8b7b-46a4-9f46-4e8eec5c850f,Michael Meza,Male,2000-08-19
ec5336c1-c2be-4b19-bf92-e56b5cf4058c,Mark Jenkins,Male,2002-11-26
141ef4eb-16c8-4cd2-bf56-c27041992abb,Kathy Haney MD,Female,1994-09-12
6a0a2dbe-bc63-4254-8f1b-b07e54cfe560,Jennifer Manning,Male,2001-05-29
dbafe507-fda2-48b3-ac00-a14c080210a2,Daniel Mendoza,Female,1980-05-06
478cbaf5-21f9-444a-b6ee-145c902181b7,Amanda Martin,Female,1993-02-23
3cb4b879-5cc0-40ec-86f7-8bf407b328c8,Dustin Andrade,Female,1993-09-08
260ad0e2-e824-4b2c-bdcf-1a2ea887ebdd,Linda Contreras,Female,1998-04-05
4323ffc3-3427-4b96-89db-d2b926105e06,Brad Williamson,Male,1986-01-16
c9c36c88-ddcd-455e-9513-346a0ef806ce,Sean Manning,Male,1997-11-01
7fcfca53-3da9-4612-8a28-73c497d094a6,Todd Burton,Male,1994-12-28
0a5d7d24-6eab-4992-bdd1-8040f4a3d4cf,Steve Blanchard MD,Female,1981-01-21
3e48b610-9d7b-4517-95ac-a681038a2855,Suzanne Farley,Male,1981-09-14
c2880288-0982-493a-b7b5-17646d453dff,Shelby Morales,Male,1986-07-12
6b39534a-e25f-4f89-bc8a-3aa39ce08673,Scott Chaney,Male,1991-11-11
906c6b58-de58-429c-a0d3-93e8d1f52ed7,Randy Lyons,Male,2001-01-15
b6c0c75f-69af-404b-811d-d329f41aac59,James Jordan,Female,1994-05-16
9aa562f6-e21f-440e-996e-4921fa827284,David Grant,Female,1987-06-05
e9e2d5e2-3f7f-41e7-87c9-4d91d2369faf,Jeffrey Love,Female,1985-10-18
eb99027a-ca0c-4014-b2fb-8a43c1d57039,Vanessa Schmidt,Male,1985-07-15
df480bfd-ab00-4510-a9aa-7c221ebbd89b,Susan Maxwell,Female,1988-01-24
b6d57095-e0a2-4811-86f2-01c596ee24fa,John Simmons II,Male,2000-11-03
aa812892-c9b9-4cca-92fd-aec44eb7a36a,Shelby Ray,Male,1993-08-09
49c914fa-08b8-4ea1-b938-6cb861ed3e70,Diane Davis,Male,2003-08-08
2bdd6e84-57ff-4ebb-b409-ea2727d69d90,Nicole Martin,Female,1992-07-17
d6ee9efb-4314-4e20-9212-34d68f70fffb,Shelby Gonzalez,Male,2002-09-16
50895683-b612-4b60-a177-792f7acd1284,Andrea Moore,Female,1993-11-10
8715bdb5-b31c-48eb-b7d9-b5dcd38a1de6,Chase Garcia,Female,1997-05-04
7f9a1712-15e6-47b1-876a-2b4131040544,Nicholas Gray,Female,1987-11-09
a3e448f8-9619-48cd-9461-0bd639e665b5,Jeffrey Franklin,Male,1994-08-09
fd560bc8-60b7-4dbf-93e1-6eba6934f599,Michelle Herring,Female,1982-12-19
a8f8cf06-feff-45cd-a988-08e940ae8300,Kelsey Miller,Female,1997-10-12
94be223f-41c2-49be-a0dc-e08757a83cd0,Teresa Evans,Male,1992-12-31
5b178c66-06b4-4f42-be97-403c2584fb92,Melissa Martin,Female,1994-01-20
16949c9a-bdf5-492f-b15a-eeaf4776c3c4,Diana Webster,Male,1996-05-10
6f268812-0b7b-43a3-b56e-39aaf71a5dba,David Hanson,Male,1990-02-10
fcc8fcee-8566-42d0-be28-d410bf964628,Sydney Wise,Female,1997-09-19
5c214d79-5d83-42e6-929f-c0275f7c28fc,Alexander Johnson,Male,1997-03-10
ed7cc815-292d-4c63-83f5-1716f0d3a864,Sharon Marshall,Female,1987-12-30
a97a3647-68ff-458f-b31c-b7c9e88d8d2e,Stephen Robbins,Male,2005-01-22
ddf496c0-2646-4378-9b71-9c041f4a43f6,Margaret Bass,Female,2000-11-01
f742fcc7-ebe1-4d30-a740-a60da005dbf0,Timothy Waller,Female,1985-09-26
e0ba2ea8-9a1d-455b-9fe1-012fc04d4d70,Harry Taylor,Male,1981-02-24
37b15675-a715-4545-b885-11f0c340b579,Brendan Hawkins,Female,1989-10-27
3419fde1-4d7c-42aa-a7bc-6bdfe3e5fe82,Joy Peterson,Female,1982-04-28
b9471d47-5b63-4ed7-aeb2-2dd3e2ed1773,Angela Moyer,Male,1982-10-29
2974c094-0dc6-425f-b094-4b5976cf2690,Christina Gonzalez,Female,1987-06-15
1b2317ad-d359-4dce-9eb1-062a68201396,Kaitlin Hall,Male,1992-07-13
7cedcb3d-a9d5-455c-834e-cea7b2ec2d7a,Mason Thornton,Male,2005-10-31
c9361648-74bb-43ed-ac53-0d44bdfe617c,Amanda Hodges,Female,1992-01-21
85c4a5a4-0973-4654-b01f-3e92e0dd34ad,Karen Sanchez,Male,1994-05-19
af2fd8aa-5acd-46a5-aae3-052f4047d18e,Steven Brown,Female,1998-06-21
dde6966e-b60f-4c1c-8a27-efaf20f721e7,Crystal Serrano,Male,2002-09-06
a2cb78ed-abfd-4cdc-a7ec-e9ae8a6a2012,Brandon Roy,Male,1991-04-19
38400695-1293-45bf-9d31-08ec84d7ea9e,Nicole Bailey,Female,1980-08-26
7e4f315e-fd36-4f2e-ac66-96c98a01d069,Sandra Duncan,Male,2001-01-14
d4f7af33-91a7-48c4-b10c-e7a4e2ea34b3,Jay Haley,Female,1995-12-27
afd5236e-9e7b-4117-b29f-464de0b73e52,Jon Heath,Female,1988-04-21
32220862-dcf9-4740-8c98-99557c0faf5f,Michael Gallegos,Male,2005-09-23
61cbd24c-afa5-48ce-909f-0e26fc659a2b,Diane Hunter,Female,1994-07-19
86ce3575-e8b9-4671-8e18-49c8cd145b8e,Tracy Santiago MD,Male,1987-09-05
dd6bd50b-a7ce-4e67-a8af-18b9fc0d00d2,Charles Oneill,Female,2005-07-17
87d23df1-c303-4c37-97f1-be864fc82e5b,Mrs. Shelly White MD,Female,1996-03-26
f05d21a9-3647-4675-8ff9-6c54ad5a1ade,Matthew Chapman,Male,1995-07-20
be4df9ca-4f0f-435d-9b58-907fa20b70f4,Chris Graves,Male,1980-03-03
8e7f1295-5c2a-4607-bb18-4c1fd2d56fca,Elizabeth Miller,Female,1992-08-24
c25a2130-6ace-4d90-abd6-fc6f20e33ee6,Troy Hayden,Female,2003-12-23
56add541-dabb-4a72-94ed-7f95f35950c1,Ann Yoder,Female,1985-05-31
ba5a24af-98a0-4a81-b137-09d559da2203,Sarah Smith,Female,1999-09-27
d36bbfbf-0266-4561-8c5b-d21b30838687,Amber Cortez,Male,1997-12-25
2746ee85-dff5-4b27-bd8c-0dd53ef15d34,Lisa Martinez,Female,1985-07-21
7732d9c0-0295-4b1d-b261-64350dea195a,Barbara Pearson,Male,2004-03-18
63bce23c-0cb9-411c-a850-b485879524d4,Erin Rodriguez,Male,2005-01-14
5c54563c-08d1-4c59-89c8-3d8062494da8,Laura Hernandez,Male,1997-09-10
fccc8b5a-eb2c-4e82-b3e3-ff68763175cc,Crystal Mendez,Female,1984-07-04
b58a31d5-cb47-47eb-9e5b-d414a5727702,Tanya Anderson,Female,2004-12-30
777436aa-4133-418f-ad30-4a8c7c0ffc98,Kim Moore,Female,2000-07-29
f15d458f-11f0-4863-ac28-497af9226e7a,Sarah Harris,Female,1992-03-02
6085b552-3570-43fb-a923-8516d54b002e,Christian Mathis,Female,1988-11-07
d31f8df7-9a83-4960-aad8-90369ca41ea8,Christine Gonzales,Female,1991-06-24
a4360453-85d8-4d28-88f9-00a7c1f68533,Danielle Weaver,Female,1980-02-08
bf7bd9b1-49cf-4e24-966b-319af3803b4a,Kevin Marquez,Female,1986-07-15
a159564e-f40f-4533-8556-072dbd3a77bc,Bruce Cole,Male,1980-12-05
cabd53d2-5c55-415e-adc8-60b331666f52,Joshua Wells,Male,1995-07-06
ae238c26-f246-4c5b-b0b9-c019e3ea243f,Ronald Tran,Male,2005-05-19
8561ed4d-7ccb-42ad-bd67-d4c03e3fcfa2,Dorothy Schultz,Male,1990-01-19
c19b2956-6cec-496f-b093-a47d9974354c,Anna Hunter,Male,1980-08-01
f1d98dd5-0afa-43a8-9c19-30209fb3f1e8,Keith Phillips,Male,1980-10-17
50a0470e-57e1-44a8-95b3-7453f8059d17,James Walls,Female,1989-08-29
df7b92a5-6db0-4f14-b42c-5ed6001bf87f,Scott Smith,Male,1990-05-14
f3cc85bc-dd30-40e9-ada3-22e4d830ecf9,Sheila Fisher,Male,1999-03-26
d8fa59ce-cc0c-4f96-8885-0114c9a377b4,Daniel Kelly,Female,1983-07-09
e597bc1c-8600-41b6-91f7-feb18c204a18,David Garrett,Female,1987-02-20
4e5104ea-01b8-46a6-8cc2-9a177103fe10,Larry Gilmore,Male,1980-05-31
d76fc881-6116-44fe-9f9c-49e3e57fa4f2,Christopher Cooper,Male,2004-09-03
eb52b149-d159-4516-ab93-8557a22e3e76,Richard Martinez,Male,2000-04-21
ea93b4b7-6b4a-4487-b94f-42782e39a58c,Kelsey Taylor,Female,1982-09-10
9b653a81-447e-4557-999e-3d73229e4f77,Sharon Evans,Female,1992-08-04
78defb2c-248c-4cbd-87ea-137e029f204c,Stephen Archer,Female,2000-09-17
6b8e3943-c77c-44b4-a70e-8ecec60c1a8c,Anne Jackson,Female,1986-07-06
e29e0465-7008-4a41-b3d7-5b6ac2267a59,Emily Anderson,Female,2005-06-23
475c69a6-64f8-45fb-8c26-f1c925241cca,Heather Gomez MD,Male,1993-05-12
8d77f9d2-0398-4bb0-aa5e-161a50ac9e14,Sean Jackson,Female,1981-06-12
bbd64e93-4008-4520-8c45-b0917d9f5304,Scott Reyes,Male,1985-12-07
81bb4458-d176-4510-bdd8-6202cbfc0c22,Alicia Huerta,Female,2003-06-02
29363256-c79d-4e90-9bef-3e8948482706,Tanner Mullen,Female,1985-04-28
1600d969-4a25-459a-bdb3-e4ae3bc26fbc,Corey Calhoun,Female,1981-01-06
e7adb212-6ece-401e-bf96-c530dda97275,Michael Garcia,Female,1999-05-29
b2cbc2f1-5462-46eb-a98f-2fee52e15d34,Brandy Schaefer,Male,1990-10-21
a74ab8cc-0e55-4e4a-a6a1-ea4aef7197fa,William Johnson,Female,1985-03-08
a4ab67e3-f4fd-4bfd-8a21-e7b8d752132e,John Bennett,Male,2005-07-12
3819b0ac-2fa6-4ddf-8509-f127231ec688,Curtis Moore,Male,1986-12-08
f4a8e9d5-1a20-4e59-a329-4f85d873d5e0,Kayla Brown,Male,1985-10-16
ab104a59-b425-4f48-a70c-3ea650c42fb6,Dillon Flores,Female,1990-06-29
ec85edbd-7c48-4ec6-8936-1d810bea72fa,Karen Garza,Female,1990-03-05
13e96e89-9b53-43a3-8b2f-96dda25cce92,Leah Estrada,Female,2000-05-25
46291282-0fec-40a8-8f50-db82ef8d0a90,Brian Johnson,Male,1994-02-25
e03c927a-eed1-43a9-93ca-efe3bb7b1beb,Dylan Lopez,Male,1987-02-24
72657b78-6a95-4d30-bdeb-f21596d48f48,Megan Forbes,Female,1980-09-16
84d911b9-191a-401e-8a69-20e2f91931bb,Brian Church,Male,1993-07-02
a8151f8e-2ed7-4ab7-87b8-0ff6c79d4694,Michael Baker Jr.,Male,1983-01-18
d5a520cf-9b45-4ad6-93dd-b85a53a9be7f,Sara Potter,Male,1998-11-01
8465b53e-f273-4605-88a5-94e778ec6b1b,Don Duran,Female,2005-03-31
e706c211-a1a1-48c2-971b-0f303e89fb49,Michael Cobb,Male,1994-05-17
53843942-f5fc-46ac-9051-5848a2338280,George Garcia,Female,1985-01-20
7ac43453-b06b-41fe-9a47-0eee1369115f,Michelle Roberts,Male,1993-11-02
bff6ebe0-e483-4763-9e8d-6c5ba606faf3,Frederick Wiggins,Male,1997-08-12
902a39f8-65d0-46ba-bd53-6549c2dcd85d,Brittany Daniels,Female,1980-09-05
25cba6f6-e09d-447e-8bf0-10984b0c939a,Michelle Sheppard,Male,1994-12-27
079fdc9a-bc66-40bc-ac35-f1fc8cc7971d,Stephanie Williams,Male,1990-05-06
0f1610e6-59b1-496a-9572-dc332c10c4bc,Nancy Austin,Female,1992-01-17
7ee147ff-a27b-4bfb-ab84-b6b4b36d42fb,Cassidy Gaines,Male,2002-10-10
2737536b-e3e7-439f-8455-bc56b8694ca4,Janet Griffin,Female,1986-01-11
88408eda-dc04-4f5e-8393-f339efe9e0a2,Joshua Turner,Male,1998-01-30
ab3e28b7-bf2b-4caa-9c9c-eb63dfa4c33f,Bradley Monroe,Male,1992-02-27
4f1489f6-ea53-47ef-a025-647a8c4b92e1,Alicia Webster,Male,1985-08-13
0a240977-92cf-4066-8460-d7a1cbd570fa,Devin Clayton,Female,1994-05-01
583316f2-792c-4d98-b8a9-1bf104d3c2d6,Matthew Grant,Male,1987-06-01
d58121b8-f77e-425b-924b-e021b511faf7,Lisa Townsend,Male,1996-06-03
b511d18f-4c4d-4c05-a6dd-0dbd72a1c304,Haley Obrien,Female,1996-12-07
edaff7ee-42c2-4851-8ed2-2970662775b5,Amy Andrade,Female,1996-05-12
15f38c5d-c6cd-4947-8c9b-2078806a39c3,Alexis Graham,Female,1987-02-22
d2d6b230-821c-44e2-b743-06153325af7e,Michael Conner,Female,1998-03-03
16c82c65-9ac7-48d1-a2d5-95710cc69b93,Dr. Shannon Carter,Female,1980-02-07
23682134-e5ff-402e-9f94-77a1d2ce7ddf,Teresa Lambert,Male,1983-03-14
95111ece-09ec-4c62-b1b0-b9709b7bd6f2,Julie Dixon,Female,1992-05-16
fb8f64ac-fea2-4004-a4a8-f90522a02cc9,Maria Cherry,Female,1992-08-14
4defefbf-2071-44dd-8401-5754db266188,Traci Maddox,Male,1999-06-01
d44986e7-a18f-405b-8e05-4e307176141c,Stephanie Nelson,Male,1994-12-12
b957f5d5-25d0-4d0c-8f81-e0afde41ddc1,Brenda Miller,Male,1996-01-01
2c0d7271-a5cf-4c34-af1c-26532836554b,Brian Cordova,Female,1991-06-04
a8f42254-233e-4e26-a3c4-84279694a858,Steven Flores,Male,2000-02-23
715fa92b-1151-4eed-8a3d-a8db06d8ba06,Mary Owens,Male,1980-03-04
9c2f2db9-7b96-48d0-974e-922429dcd0dc,Nicholas Mcdowell,Female,2001-04-09
d2aabb09-d85c-4fed-81e2-a1caee3548c8,Brandon Lang,Female,1999-09-13
48d091a9-6308-45ea-bcfb-511d93aa1eba,Martha Johnson,Female,2001-06-04
3b2ec550-7790-45d1-b7ec-0558c4772bf8,Hector Campbell,Male,1985-12-17
ef131608-7679-4d05-8a5d-84b4f4115e0a,Paige Lawson,Male,2001-03-10
9ebeba31-4f6b-42b3-a39e-a5e82510b4ab,Maria Rodriguez,Female,1990-02-06
d975e754-c29d-4880-99d7-56d9dc899669,Jade Martinez,Female,2000-02-15
30693e44-edce-4f48-b1c6-0c83ba0aaad8,Jennifer Sheppard,Female,1993-06-20
2efdd465-cac9-4be4-82f5-88bb843258e6,Lisa Pierce,Female,1999-11-17
6280a06b-b9dc-497c-987c-15817889689d,Jonathan Johnson,Female,1986-09-29
cebe605c-69d2-4cb9-8b18-e2b21e492a5f,Dylan Carrillo,Female,2005-01-20
b2c95dc5-29c1-4698-ab8f-462b94897c24,Amber Franklin,Male,1989-09-12
467f02c9-9150-451d-aaa7-205b30772070,Shawn Baker,Female,1995-01-20
229cb9b2-edaf-4310-b9be-d71cce8a2804,Troy Lane,Male,1991-06-26
2ccd8b53-1181-4249-bd79-27975180f423,Bethany Baker,Male,1997-09-23
c7492924-533e-437d-8fe0-48447e36504c,Shirley Guerrero,Female,1983-04-21
1d45ab3a-eb58-477a-9a70-952df19e7352,Allen Nolan,Female,1985-06-24
60a07476-b78c-4784-bac6-4d552862f7ee,Robert Lane,Female,2003-07-07
9535884c-5b37-4ec8-9c98-6b0ca87457e2,Larry Ward,Female,2000-07-16
ae173e1c-5b47-44c9-be9c-521316868584,Ruben Bennett,Female,1994-12-10
22f8ad8c-49ce-4118-b05d-690ca3b0cfb5,Barbara Ward,Male,1991-11-07
c9b16cac-af29-4c52-b1fb-efaa61925544,Dr. Melissa Russell,Female,2001-12-05
99c71208-7054-4994-9ab6-cf1e68959deb,Amy Taylor,Male,1982-08-06
3ad5064f-3064-4c77-8f9a-0c7452bb0b40,Tanya Craig,Male,1983-12-31
197dcae8-4a07-4e38-b656-0784f5ce7b55,Wendy Ramirez,Female,1988-11-17
3f376951-961b-4132-9ce1-c51756d6fd9e,Patrick Richards,Male,1993-04-14
7a7f8f00-e35e-454a-9f16-1aea5f01b552,Michael Ball,Female,1980-02-11
4040c575-cd0e-44a0-9b2d-533023f59c31,Holly Lee,Male,2005-05-21
5ad2915f-561e-4faa-bce8-6c633776e7a4,Jennifer Richardson,Male,2000-05-01
81c5c372-d921-4501-b63c-9885cb52bf61,George Cross DDS,Female,1999-07-08
090c0815-1681-43be-a9a7-a03078dcc9ec,Jacqueline Morris,Male,1984-08-14
7a7b28ae-66b5-4c88-8bca-e0a72d74502d,Jonathan Graham,Female,1987-05-29
da15b875-f282-484c-8471-205236400e3b,Stephanie Quinn,Female,1991-11-11
c449243f-c62f-4f6b-b927-41b2b01ec5fa,Catherine Navarro,Female,1986-02-19
11931f28-66e0-472e-b7e9-c12d85b67a74,John Drake,Male,1990-11-25
8d20add0-b4b2-45f9-9b15-2d8f57517ebf,Christopher Hart,Male,1991-03-13
f7dcd14a-5699-4f1d-920f-7b9550acaa22,Tammy Watson,Female,1988-10-20
9412b2ab-3b80-4fcd-800a-3758f29780b0,Jessica Meyer,Male,1991-08-01
c0325f42-dd4a-4d5e-8b8e-2ccbbf8b95e7,Mrs. Megan Scott,Male,1988-05-09
58e98d02-928b-418c-a7b7-fa93fd2625b1,Michael Steele,Female,1991-05-18
3edad961-e9d9-4af7-999c-84d67f010089,Sonya Moore,Female,1987-08-26
cc07b3b1-404d-4910-982d-a0558ce90516,Carolyn Moore,Male,1982-02-27
99c636ba-98f9-4da4-843b-aa57f8d07c44,Billy Hughes,Female,1984-07-02
4468b599-cf8d-46cd-808f-ae2be69ed6ca,Brian Davenport,Female,2000-07-27
3319863e-5937-4360-a712-ad522b6e519e,Terry Rice,Female,1981-07-09
2b861fba-d70f-4380-aedc-00c9b9a6c33d,Kathleen Rice,Male,1988-03-17
92561e30-a843-4f3b-a912-d0fcdd6f9f81,Rachel Watson,Female,1992-12-16
b79ca3bd-e47f-4437-9eaa-e726781e834c,Erika Phelps,Female,2005-10-03
27883af4-457d-40be-9086-585d6e65374e,Jaime Hester,Female,2003-05-26
ae4f1475-17c1-4ecf-a764-40c2122521cb,Debra Wolf,Male,1982-04-14
8b1f53d7-2aef-4ea2-9604-740119774dbd,Matthew Schmidt,Male,1999-07-28
9af629f4-4bd0-4a28-a4ea-06faa89adc43,Michele Mayer,Female,1995-05-01
12bb59f1-a2e8-4bd9-89a5-ba1ecd730fec,Stephanie Evans,Male,1990-05-28
bee9bb83-ff20-4706-b977-f073b448d899,Heather Ritter,Male,2003-05-03
d41e31a1-9199-421f-a739-d15cd54e9a49,Kathy Harris,Male,1985-03-09
d10bd7ca-d2f0-46e7-bb03-075776692641,William James,Female,1981-07-26
05808ea4-cd68-4b04-80e6-0de067e78de7,Andre Sanders,Male,1989-03-21
b7f32015-548b-40d4-b524-310e1e4ff719,Tamara Wallace,Male,1991-05-19
91f61794-6458-42ef-b974-bfefa7c5a58b,Sharon Sims,Female,2001-05-19
bbdc069f-20ad-4a5e-b506-2a8b3878b1f1,Rebecca Jones,Male,1997-02-26
cee18dc1-7d99-42ff-a145-16ed3f8cca01,Gary Kirk,Female,1983-09-20
2d330a03-3e63-4735-b0b0-ae53c31462a1,Robert Black,Female,1991-07-28
d0fba3f3-74c3-418c-83b4-2c7284be4ad9,Tracy Garcia,Female,1982-02-03
09df98b7-c07e-4963-a5ee-3b35e517f7a5,Travis Johnson,Female,1988-09-07
708ec7aa-0701-452d-bf35-b6af9af0a55b,Brandon Hill,Female,1990-12-17
78edc840-35bc-4f3c-aeb0-e37f7f18537d,Michael French,Male,1982-02-15
3ced3903-bf15-4787-bdc5-02864803dd23,Mark Smith,Male,1989-07-13
b614ca78-7f3f-4451-995b-2dd914758ee5,Gerald Hicks,Female,2002-03-10
efce538f-8a36-46af-bf0f-97c528a3c7b4,Debra Simmons,Male,2005-10-01
e7b4f632-bba5-46c0-ba89-eb24f632f7d2,Carrie Wilson,Female,2004-01-31
414f57dd-7de8-47d8-8eb7-05d2ae20f158,Luis Francis,Female,1989-04-22
2b805e3e-ea6c-49e8-be4b-c4290d779145,Katelyn Thornton,Male,2002-11-30
1d4d4552-ab8f-4f1f-9e2a-4681680ca4c8,Aaron Gardner,Female,1982-09-21
bfadf2de-523b-46b8-b117-9c778aa962d0,Rebecca Rich,Male,1999-04-02
ac266a07-073d-4850-89e5-374ca11dffc8,Martin Cook,Female,1990-07-26
42f065b7-2fdc-4c1c-8f0d-b8018f3885ed,Melissa Miller,Female,1990-02-17
a58b4191-dab9-4cdb-9107-ff7e10600164,Wyatt Bates,Male,2004-03-16
7a9eca29-91dc-45f5-98e4-f288011ae3f1,William Davis,Male,1980-05-29
aca5c504-edc7-4212-ab5f-7ee3fc558983,William Joyce,Male,2005-08-21
f9f0a4a2-4adf-4406-985f-acd711b6a7d4,James Stuart,Male,1992-03-21
c58a213e-1c7b-464b-a049-c07d84953f5a,Timothy Navarro,Female,1995-10-02
056992c8-7217-4779-a90b-6a68b5340560,Omar Tyler,Female,1998-11-06
db812f01-1b16-43aa-898c-addfee6a1078,Leslie Cruz,Female,1999-12-19
c7fb95fb-4980-4a58-a3bd-204c843a54d3,Jeremiah Smith,Male,1993-07-14
ed4d41a2-3393-41cb-a59d-5bd7fde38dfb,John Anthony,Male,1991-04-28
7421261f-8d5d-4d96-96f3-0b7a1f9b7fb1,Stephanie Williams,Female,1980-06-10
88dd5011-cbb9-468b-8d29-ab91181757e6,Jeffrey Silva,Female,1983-10-04
a5e22ea6-ab1a-4382-9fbf-982b197dca38,Ashley Roberts,Male,1996-07-09
b99677d2-9a4c-4878-a86b-07bf3e615dde,Andre King,Female,1999-10-02
2ed66077-cbca-4305-9ffb-6ff8a6c77179,Matthew Dawson,Male,1987-07-07
104ef446-455f-414a-a012-610ef53932e3,William Oneill,Male,1980-01-24
d271728f-44fb-46b5-b2ae-2d0bd224eb71,Craig Owens,Female,1985-02-25
b4e1f7d5-6fa1-4b7b-9d13-238ac2d5ccff,Terry Obrien,Male,1993-03-14
70e9f285-dc0b-4b36-ab57-c348344eff2f,Micheal Ross,Female,2000-11-29
f82b3cef-3f8e-4b2d-84fe-ebfc86ac54bb,David Webb,Female,1999-10-22
75b742bf-ca6b-41b4-bf31-9692ecfc8353,John Lowe,Male,1988-01-30
9b4f571d-f710-4434-ae97-75bb902d4748,Nichole Brown,Male,1989-08-19
a59e7c26-1963-4cb8-ad25-61e40aaebf40,Samuel Thomas,Female,2002-11-17
c30ac25d-2e7b-40cb-bfa9-4b629fac1872,Stephanie Williams,Female,1992-03-06
b5ec9903-eb02-4fda-b67a-2663efcbdb89,Jodi Mitchell,Female,2004-03-13
04aa45dd-d0eb-4939-b536-dfad6b016b41,Jennifer Erickson,Female,2003-08-21
22205c3f-7a0b-4087-bd98-7d416f6fb5a4,Gary Horn,Male,1990-05-18
aa21411b-1884-493e-b3ad-bfed91debb4f,Francisco Parker,Female,1990-02-27
4c7a5107-c825-4b9b-8f8b-44931bc7dc8f,Erin Lucas,Male,1985-02-02
3306eef7-1869-4b0f-aaca-62920df8863b,Christina Ramirez,Female,2002-01-11
98ac1aa1-bb6b-4395-a094-4a320c4f8fdd,Julie Barnes,Female,1993-11-17
04302872-4e9a-4168-a277-4e18ca8871d3,Allison Clark,Female,1981-06-21
2a977724-3648-4116-a113-1353942f5980,Danielle Gray,Male,1986-07-09
d9cdad32-56d9-4f8a-9e42-4ee5955e980a,Douglas Hill,Female,1986-09-26
7d27532c-414f-41c3-9863-2c419fcef426,Traci Landry,Female,1990-02-27
0517ce7a-7346-426f-a93a-dad3fecb71a5,Mr. Brent Ward,Male,2003-06-28
dabc0886-92e5-4d50-87bd-cb38d1d53bb9,Judy Alvarez,Female,1993-07-23
47f32011-dcae-4cb8-9650-23a7062ae292,Heidi Randall,Female,2002-11-23
c4b9800b-6cad-47f0-8c08-c1e779b570fc,Martha Pineda DDS,Female,1996-08-16
91ed2322-9524-416e-b0e8-af790fe24389,Andrea Bentley,Female,1988-04-15
1276b57e-2d57-41e0-ad10-017472ca32bd,Dr. Chad Chavez,Male,1982-01-08
b14c16fe-ed0c-4f34-8918-4f595c0ca5d2,Taylor Summers,Female,1989-07-27
6b53a2be-7098-4e68-889a-c275e90207b2,Miranda Dixon,Female,1983-03-29
46d0dd43-6de9-475c-a86e-ed223c1796e2,Sean Carter,Male,1980-03-27
fdb0d621-f78f-4f29-98c7-55d2e1d82eed,Chloe Payne,Female,1996-03-26
686bf0e7-0174-420f-8974-d89eabb479a0,Steven Williams,Female,2000-10-15
d96ca8c6-c7d7-47d5-a859-ac08ae4c4a98,Shawn Rogers,Male,2001-11-07
4f1e93f5-5992-4693-81bd-995c94541632,James Graham,Male,2003-07-27
c0086270-5e2d-40f6-b891-0a39623aa834,Kathryn King,Male,1996-07-26
98f63776-f2d7-434f-a4c1-230db3ae4484,Shawna Williamson,Male,1991-03-18
7c2a8bb4-f846-41de-94e5-713f4ab54a1f,Nicholas Cohen,Male,1997-09-16
02970186-5305-4112-9873-9bf9283c7c28,Joseph Smith,Female,1987-04-20
d6911fc1-890a-43bb-ab02-fdd29e12c4ba,Sandra Myers,Female,1992-08-14
4a857dcc-6944-45b1-a80b-3cfcaca288d7,David Byrd,Male,1985-09-27
96ca95bc-d524-43ea-889c-a483e672da21,Sheila Lewis,Female,1994-06-18
3ad35ef4-2028-4170-8f9c-6985a2e6a1f8,Casey Howard,Female,1981-12-29
f6fcc074-2d94-4159-bef0-48b150329299,Melissa Wolfe,Female,2005-05-02
9a74dda8-97ca-45e7-bce5-e7fbfe0ee580,Amber Reed,Female,1983-11-29
e8deac3f-fd74-4e1d-9400-7ee975576e46,Mr. Roger Johnson,Female,1994-04-12
bb797384-6363-4ab9-8621-e65a2a509d84,Julie Wyatt,Male,2001-06-19
b700c1e6-fe96-48e6-8a3a-0975bf7460c4,Brandon Small,Female,1985-11-03
3f7dd936-f0df-40ca-8319-374e52564570,Samantha Mills,Male,2000-06-14
f2da8590-be4b-4b3c-b462-f4738260074f,Gregory Glenn,Female,2004-11-11
4446257c-f171-493e-b83f-9513e6df9414,Devin Cabrera,Female,1986-09-17
261e9c36-b09e-453c-ab37-67fef0383d60,Lynn Smith,Male,2004-06-17
7c650339-a07e-4d63-8762-c9732a0a8e4d,Mr. Robert Wilson MD,Male,1983-01-05
d6704da8-a86e-45d4-be8b-acd973fe9a59,Gerald Castillo,Female,1996-03-31
9ccdb083-16f7-4049-94bf-bf83d1b0988d,Dr. Alex Butler MD,Male,1988-07-19
96d5cee7-aab6-4fb8-a726-3d06e005aea1,Courtney Harrison,Female,1987-05-04
7e0a37bb-54b9-43dd-99b5-681fea8041d2,Lydia Khan,Female,1997-06-17
31134412-c907-4ac6-9102-3df8783b8386,Mrs. Hannah Figueroa,Male,1990-07-22
36728a8a-2047-45bd-9f70-71a14318da84,Pamela Smith,Male,2001-10-31
7964e25b-0641-4cff-a212-b9477e5641d6,Cheyenne Briggs,Male,1989-05-24
5b2dd056-2e29-4664-b19e-b28e8088e055,Valerie Russo,Male,2002-07-03
28b2a517-d6df-4e2f-a443-38a0426b7983,William Wallace II,Female,1999-08-07
253396af-b678-4eb6-9cbe-7ac61c369a64,William Smith,Female,1984-11-16
d5dc8e2a-2c56-4dff-9fa6-448359ce9d11,Michelle Velez,Female,1982-08-19
63d14c7f-dbb3-4f52-ba8e-4df04f5b28af,Melanie Scott,Female,1980-05-14
ddd83dbe-6d9a-4f9a-9f99-b60e87fbac95,Jonathan Lee,Male,2002-12-02
c72ff36e-44e2-4256-a412-b11ee306bd32,Douglas Vasquez,Female,1999-09-20
2ded6ce3-40a5-4693-8f5e-70376d9bdd26,Steven Walton,Female,1987-04-12
f5a5d447-6e5d-4da6-b100-0f39fc5c3c25,Clayton Brown,Male,1987-03-16
c3b0dab4-5986-4209-96d0-80808dfcf8e9,Angela Robinson,Male,1983-08-23
77f9c083-f095-4d8d-b6b8-b0d4546eaedb,Jacob Lloyd,Male,1982-03-13
00cb948a-6016-4381-9b84-67de449306e3,Jennifer Johnson,Male,1986-06-08
6a9b2945-329f-4d1c-a335-35a329cd90e3,Jeffrey Cannon,Male,2001-04-04
62c443b6-859a-44ec-b42a-3d87d9b29507,Dean Booth,Male,1987-07-19
15ae00e8-2ae3-4dd6-921f-94ad0aa0340c,Rachael Stafford,Male,1983-05-01
aab3ee3a-bb49-4484-bb6d-350ee3607a62,Maria Morgan,Female,1994-05-12
7668d92c-ecca-4f9c-bf1a-708ea74e5192,Amy Robinson,Male,1986-07-22
61139a7e-7af8-4466-9a8f-8ce61be32da1,Pamela Davis,Female,1988-03-15
0b2c6392-565f-4d63-90c3-6aa812eb3fb2,Linda Snow,Male,2000-05-21
8bd2f4b7-5c23-4afa-a191-3452894757ef,Denise Stone,Male,2005-09-02
de2b93f9-74ec-4e0c-97e6-671a395ddcca,Amber Coleman,Male,1998-02-24
4e17e421-948c-4d29-bbbb-25f5d2a9aeaa,Michael Vaughan,Female,1980-05-05
09cf3284-5e77-4b79-b64a-e6a0554bce34,Jessica Heath,Female,1984-05-24
06ac912a-aede-48ff-bff4-5ac3b4f3a8dc,Barry Maxwell,Female,1983-05-01
f6400263-f07c-4ed2-af12-a12995743541,Kelsey Walker,Female,1980-04-14
5f7b8b33-0545-471a-ab2d-c0f17e103b32,Brendan Rodriguez,Female,1984-01-16
8635d84d-6dbc-4a0b-b15e-a4b78f2ee6b1,Michelle Herring,Male,1996-01-08
81803e8f-a2b1-4edb-a11b-fe5483c2f2e3,Nicholas Jones,Male,1989-06-27
e0a66a73-f648-48c4-ae53-12de9eb39da6,Jacob Richards,Female,2003-03-15
66377090-8943-4196-bf9b-686e44c8d831,Ashley Anderson,Female,1998-12-13
4d717491-3ecb-429a-a891-70761edbf80e,Derek Francis,Female,1996-01-17
1c0ee778-bbe3-4ea6-a59b-382b49e32b4f,Madison Mann DVM,Male,1998-04-03
a09d1b85-0b02-45d0-b7df-9212c2267ac9,Robert Williams,Female,1984-03-05
8284453f-88c7-4913-888c-4c735ae6110b,Jennifer King,Male,1996-02-26
e9ebc52e-23cc-45a0-b743-ba77decbbf4a,Brendan Figueroa,Male,1984-02-04
6b5a75af-b498-4bfa-aca8-3861146d3344,Daniel Marsh,Male,1998-10-23
acb7e58b-7b66-4da7-a49e-fdc8b9aea914,Christina Hall,Male,1983-10-14
95eaec6a-e326-4b5f-ba5d-01594abbc0ff,Sarah Yang,Male,1994-12-15
6e3dd1d6-6095-4bc1-8b39-02cf1f15c862,Sarah Edwards,Male,1998-01-13
b1cd3f02-8743-4520-9cba-fddd60062f29,Maria Rivas,Male,1994-09-06
e0747b11-f9e3-4449-825f-5f321d22fc97,Roger Campbell,Female,1982-08-15
4f1f745d-d825-41b7-ba72-811f408f35f7,John Farley,Male,1997-08-19
c5016f57-c668-477a-847e-62b4a16d108f,Charles Edwards,Female,1992-10-22
6e5bc5a4-1b1e-4104-a8c9-1913bade5cf5,Randall Reed,Male,1992-06-27
8a8e0e4a-ae5a-44af-b650-940697251154,Adam Murray,Female,1998-05-06
a9c1dcdc-2742-45ee-9d71-311cfa3efff9,Bradley Gonzalez,Female,1980-09-06
587bb8f2-fda5-4108-bd6c-ae27a45dd170,Sharon Sutton,Male,1986-07-10
5ea64db5-1713-45a4-809c-599ef53f6ea2,Ryan Nash,Female,1985-03-03
e9494cdc-1c3b-45e2-85fe-13a139669b53,Mrs. Ana Garrett,Female,1985-04-05
fae04eec-56ce-4ff9-8b49-9d8ce5ad97c8,Dylan Dickerson,Female,1991-08-12
d1d0227a-7c18-47f1-bb94-4b4f1f764bfa,Daniel Wagner,Female,2004-04-15
9759c4e3-bdeb-4109-982c-c904fab535a8,Patrick Holloway,Male,1989-10-25
09a9de85-ba62-4b4c-ad19-82faa424be76,Joshua Buckley,Female,1997-09-14
a59536db-094a-45cb-b284-0fab6a8dbf47,Michael Macdonald,Male,1990-04-01
2b8184da-9727-4ccf-989c-a9235a3c4dd3,Ms. Mary Parsons MD,Female,1984-03-19
cf9cec72-583f-4865-ab6b-f6eed3a83e68,Brent Barber,Female,1993-04-07
ce814e1e-d843-4a7c-9e00-c755a09284a1,Gina Kim,Male,1988-11-30
6ae541d8-add9-44d1-a127-8324df3a23d7,Peter Green,Male,2001-06-20
c19c6481-22f5-49cb-8da4-68de673a4ddb,Stephen Hughes,Female,2002-09-21
3590ed58-b7ae-4306-a668-971ca33bbaa5,Alexa Marshall,Male,1996-01-23
5e00566c-6ff2-4667-99cb-3c459b504f6d,Adam Reynolds,Female,2004-04-21
be895314-7163-4233-af21-b99c90a1ae20,Jeffrey Boyd,Female,1987-12-12
c8a08d27-3ce7-4164-b650-e80a0b3ab3c1,Frank Montgomery,Male,1995-11-06
e0ee412b-6cc2-4b32-9f09-781ba33ec201,Benjamin Davis,Male,2000-08-22
f255e9e1-f1b7-4326-a1aa-9f639316fc08,Christine Morrison,Male,1998-10-16
12251a7d-490a-4e81-ae2d-8a26db63bc36,David Smith,Female,1999-06-02
e4d1406c-2371-4a70-bf15-3c7709ab95e6,Jacob Ortega,Male,1983-09-12
4d069e80-7a52-4839-bd83-17d162e168c5,Mark Jones,Male,1984-07-22
120c84c1-9f4d-4169-b7e1-6691056e13dc,Daniel Stevenson,Female,1985-03-04
c374c75b-ba77-45fb-8cd3-b630ca7cc96a,Jasmine Knight,Male,1989-02-12
8b5f9c63-6a33-4a2e-86d7-0263bad7543e,Dr. Lori Nelson,Female,1980-09-25
fa1d8feb-3a34-4fd3-a155-9e41ca0d179a,Jeremy Riggs,Male,1987-07-04
1c97097d-6713-4885-a302-c973b6b3d92b,Timothy Bowers,Male,1986-04-12
d622f701-ab2f-4b23-acb8-bf7c60012a46,Barry Mann,Female,1986-09-16
8ad22f23-5e48-4c37-a05e-943f59a895be,Jennifer Davis,Male,1998-11-11
67f6d9e3-c81d-47d8-90fe-ff870ab37adc,Eric Mack,Male,2003-03-25
1b09d944-b325-40db-b3ff-6c543056cce3,Michael Davis,Male,1982-04-15
7470356f-4782-4db5-8e8d-3a1956441c6b,Paul Grant,Male,2004-03-25
17950fcf-032a-415b-9f22-2287133cc4ad,John Jones,Female,1989-08-30
90d33872-f520-477f-83b9-756b685cef7c,Ryan Garcia,Female,1998-12-22
d0a107c1-054e-45e8-b511-948e8f33ad79,Raven Johnson,Male,1998-10-31
51a042a7-e728-4c4b-9e8f-93075ae7d452,Melissa Smith,Female,2000-11-25
24a30018-6958-440a-be62-86df265cbcf7,Cynthia Frazier,Male,2001-07-17
77f5c07c-f01f-4395-9810-f548dcb6a023,Christopher Smith,Female,1993-11-30
86f24461-f46c-49b4-81ea-e2b0eecb3b4b,Stacie Cook,Female,1986-06-01
325146b1-4340-4557-b062-fa4a455d6311,Nicole Jackson,Male,2001-04-21
36b01be1-5200-4aad-9e6a-be50526bdd80,Michael Morris,Male,1987-08-22
83f31fb6-87b1-4445-b151-84f33b91d39d,Benjamin Johnson PhD,Male,1996-12-26
d7832b98-a7eb-42ab-bbe8-78c744688d33,Christopher Thompson,Female,1980-08-07
d950c78c-ae95-4319-9b43-b304fb383346,Julie Johnson,Male,1990-03-16
0a5bf9b5-caad-44e7-8436-f7a432830d9a,Mary Ellis,Female,1985-09-04
44a043bd-b9ca-4ee2-b02b-0677c9416ebe,Erin King,Female,1994-01-02
b9c6399d-7791-4526-884c-9add00d9dbde,Jonathan Herman,Female,1999-07-03
5f04714f-9033-4aa3-bf7e-a11c0e99516e,Carl Dorsey,Female,1998-08-25
8ee252e3-0cad-4bf8-92d4-3969541605e3,Nathaniel Lopez,Female,2001-06-22
fee841f2-7082-4658-8935-d8600b309146,Melanie Ramirez,Female,1981-01-11
862d14dc-847e-4ddc-9ba2-bfa7fe64f4ab,Paula Garcia,Female,1986-03-01
405b18a9-b72b-4c4a-87c3-ac6f2afe16a7,Tony Murphy,Male,1997-12-04
efb007b1-6098-4603-91b5-e51954f1b1bf,Jill Barrett,Female,1995-08-01
abcccbed-1607-4591-86bd-21062c8bcda0,Melissa Gonzales,Female,1987-08-30
6850734b-eb47-4420-ac8d-5e900a28b07a,Andrea Obrien,Female,2004-08-28
2e07c453-f493-4ce6-b021-0b8ece9008f3,Kathy Nichols MD,Female,1990-10-11
3efcdd7a-e155-4c76-9dd1-29d7869e808e,Benjamin Williams,Female,1981-03-15
122040e8-dac2-4766-900a-1e948cf57526,Ernest Martinez,Male,1981-10-26
5e048eb0-d341-4c0d-b41a-d4af277b283b,Angela Liu,Male,1984-09-15
c5766e7d-faeb-4b18-93c8-5d0a7f67ea47,Mr. Nicholas Smith,Female,1985-05-23
270fa833-33f8-4a31-9708-d23d47f4d58f,Michael Flores,Female,1981-08-23
f81e3feb-f34c-4646-a6b3-eba9659f6a10,Steven Reyes,Female,1996-06-09
b781d0ea-7e7e-4758-b274-00d568e0c0c5,Shannon Taylor,Male,1986-12-27
eea991e3-ef80-4cd7-a77f-45287ce94515,Jessica Lynch,Male,2001-02-26
a57c5d56-6e2f-4a52-975c-688d7c4bebbb,Allen Harrison,Male,2000-10-04
f18d4ab4-11f9-4625-b40b-8fbaa1b00944,Daniel Nelson,Female,1995-07-05
bfc96892-2e79-432f-81ec-2988e81f5816,Jessica Duke,Female,1997-08-29
5ea97dd9-5dad-488f-9e71-52c4499fa243,Michael Dixon,Female,1998-03-03
3c7b6e22-74a5-4202-9d44-b091ce65d5f3,Leah Caldwell,Female,2002-10-19
5052e35f-a558-4f62-a6a4-72716c22c03f,Kathy Thompson,Male,1982-11-30
4f7e0e9f-ffb5-4721-b04a-9e056605b45b,Tyrone Williams,Female,1995-04-05
be93fad8-571d-4b93-84e9-24208aaa2e23,Gregory Reynolds,Male,2003-09-02
799d6f62-2e38-4f0e-845e-56fc11d30584,Sabrina Brown,Female,1983-03-23
2e836424-a9de-4fab-9b2f-fc61c840d83c,Christina Lane,Female,1992-05-13
6cb4ab87-cafe-4045-a147-870d17e24466,Jose Cook,Male,1980-04-13
4947dc6b-b9e8-41c6-afb8-9d0e554b8b0e,David Gomez,Male,2001-04-30
0f2dd8a1-4d6a-4cd9-8d0b-5e0d453d727a,Calvin Strong,Female,2005-04-21
dfa13438-082c-4bb1-b1e5-8fbc255171aa,Richard Burns,Male,2002-03-11
e0a5952a-807b-4750-90bc-764a9dc42bb6,Richard Owen,Male,2003-01-27
1b17b1ee-28dd-4d04-98ac-d1c1d87bba82,Wendy Tapia,Female,1998-04-25
2d9a2d45-91c2-4d72-975f-5e5b22366291,Benjamin Rice,Male,2005-03-31
2581dd3c-9486-4a3a-bc97-c35f33d9e5a5,Joseph Robertson,Male,2000-07-17
569aeb01-e35f-4855-9d72-af8bac72a225,Megan Johnston,Male,2004-11-25
e33abc09-e433-4b09-a123-0137a13791d8,David Schroeder,Female,1995-09-23
0f413182-33ba-4025-a77e-a39ac5690b30,Janet Stein,Female,1985-09-18
cfc4ab69-b536-47c4-a3cb-9b4aa741d417,Robert Perez,Male,2000-07-20
69e29de3-092d-411c-9252-553976a85c8c,Kaitlyn Taylor,Male,1999-08-29
16f6799c-469c-4a87-a86a-f962a2e5008a,Carolyn Bishop,Male,1986-03-08
ce5df3d3-bda4-41e4-8acb-c4ff7d3dad9e,Elizabeth Hobbs,Female,2000-04-20
793a853a-671f-4688-b95d-5c9c9bbef6dd,Michael Santiago,Male,1998-06-08
ecdf09fa-6103-45b6-86b1-ee6f0b37a900,Kyle Evans,Male,2004-03-05
19a57421-c9c2-4f55-8d82-ce2b7b935c3e,Brandon Duffy,Male,1985-09-01
5df4ffb3-95e4-47d6-a700-5c0c66436272,Elizabeth Lewis,Male,1995-03-26
8e03dfe9-5ffa-4f69-b5ac-24a8c09401f5,Dr. Bryan Flores,Male,1996-04-03
ebca5d24-f20b-4c04-8bb3-e533fcf710a5,Mr. Brian Wilson,Male,1985-10-27
527c0c6a-b7a5-4d84-92df-38bd07157319,Traci Hicks,Female,2003-01-07
6511b3ee-7d11-4d5b-ba66-9d6345a52c61,Destiny Simmons,Female,1999-05-18
93e5b426-cb5b-46cc-8da6-e7f76da226f5,Kenneth Holmes,Male,1985-09-11
cc0458df-7634-4cb9-92ab-3050fbae2a6e,Mark Lucas,Female,1982-09-02
a6d24507-ea3a-46e1-b4a8-e717c6b5efbf,Victoria Parker,Male,1986-12-29
669a9637-af68-45df-bd5d-498a95b867b3,Diane Vazquez,Male,1996-08-08
1fcfab31-175b-409e-994f-5893e26eddde,Shari Mills,Female,2000-01-12
28fab7d7-9d3f-47f2-bda4-1e76602cbd78,Jonathan Bright,Female,2002-06-08
c3858180-b6d2-4692-95ff-a69a7d603c98,Michael Harper,Female,1989-05-13
aa5acce1-225b-43d0-925a-611e325ec70d,Hailey Galloway,Male,1989-03-21
e80cadf7-a213-4c3a-85b2-008ffc97b41e,Karla Vang,Female,1988-07-09
e78eff20-c579-4439-8845-a11338894c3d,Kevin Salinas,Male,2005-10-05
3a7b7ca6-3711-43c6-8aba-c259b2acafce,Gene Frazier,Female,1994-02-05
705a02bb-0198-4964-a75e-a7ef8193e27f,Daniel Smith,Male,1991-05-07
6c95651a-8118-4025-8c53-2e07872d0661,Paul Thomas,Male,1994-07-16
67e40f18-5132-49dc-91a9-993b19f5ebb5,Tracy Powell,Male,1992-12-27
d17deec2-4743-4fda-b53d-a0cb7ebaa91e,James Santos,Male,1987-12-30
73f0b8c1-cf2e-4c39-8ced-ff4e4befebde,Mindy Wagner,Male,1995-01-26
de089162-e488-408c-a07c-07d63c222660,Erika Roy,Male,1993-05-18
e9e85b4a-ab0e-497f-99ac-6e73779598fd,Patrick White,Female,1998-11-11
c07b91c8-0185-4c35-9d23-bbb01c08bdd7,Clinton Knight,Male,1983-10-03
928a83bf-d4b3-40b8-befd-e2fe7a18bc92,Louis Walker,Female,1996-01-16
5a3628d6-1c78-4bee-b1fb-2420b3327d19,Elizabeth Perry,Female,1980-06-04
1882e915-ece4-4ce5-9a8b-4a30e3b7131d,James Mitchell,Female,2001-11-29
d2507530-543d-40ce-9a91-224104f0a037,Alec Ayala,Female,1980-10-13
c81185f6-2f96-4cc3-8bcd-448b95f5f08c,Louis Davis,Female,2002-06-19
f84475f6-e794-498f-aa68-badea14c0e7c,Richard Jones,Female,2001-12-23
ef704046-4cf4-4e2b-a3a4-cfa4860e70d6,Anthony Jimenez,Female,2004-07-05
5fd9306e-5a87-414c-a252-3358ca362f21,Amy Simmons,Male,2005-06-30
2836bd7b-615d-4601-9ad1-5c60f41a89e8,Matthew Rogers,Female,1996-01-29
f5e9ff9c-5203-4548-b02c-7b9e550f99be,James Cook,Female,1991-05-24
974d6c2e-d046-40ad-82a2-2c9e9b01919f,Matthew King,Female,1994-07-16
4bf79ff8-6054-431b-ab68-65399f5688f6,Kim Gallegos,Male,2005-07-17
e242db08-9307-433c-a0f1-d63a29914e21,Darin Burton,Male,1986-07-09
859df41d-1a09-45f9-a10c-54653d8e3254,Henry French,Female,1995-08-14
8842f805-8f2a-4a30-b1dc-a5eaeb524837,Sara Dominguez,Male,1989-11-07
432d2a0e-538d-4771-8f7e-b7984be4489a,Monica Bender,Male,1985-09-05
1d0c1dcb-5827-401a-b964-2d2a163d70b8,Ryan Serrano,Male,1986-09-02
5ce3c9fc-b168-4ac7-af5c-d619c24473c1,Kelsey Palmer,Female,1988-05-25
c44a83aa-3142-4921-813f-e09a5b3f8381,Dr. Ryan Wright,Male,1982-02-22
dfc13604-672d-4230-8cf4-0a82884e8afb,Stephanie Powers,Male,1996-07-01
46ff234f-8e57-4cd6-82a2-aa5047ee7739,Mike Mills,Female,2003-09-27
a72bc755-9f4f-480d-a4d5-3d04c4666ca5,John Dunn,Male,1982-09-30
4f31daf3-4e48-4428-ae7d-3c9c3fa93884,Sarah Miller,Male,1984-10-18
56533295-b17d-4cbf-8386-86f50bb195b2,Emily Hall DDS,Male,2005-02-21
7e5bd559-4d7b-4a1c-bf94-8a9ffe57a284,Miss Jacqueline Green,Female,1999-07-22
e2727aa5-8520-4542-a1ce-849bbbed0cf6,Jeffery Harrison,Male,1995-09-01
ab03eab0-0215-4c20-921a-980a77796209,Christine Morgan,Male,1989-03-29
239a99d0-e01a-4c71-8463-1e572ae337a2,Diana Taylor,Male,1983-12-21
b9dc3fe9-eb4b-4e14-a2a8-76dd9ad3d5db,Natasha Johnson,Female,1994-05-15
966298db-e781-4329-a085-8a6730449461,Jennifer Sanders,Female,1987-11-23
dc50c093-81de-42e7-b14e-3cfd80024009,Victor Bullock,Female,1987-08-22
c2d197d7-fc31-483c-ad1a-862a6ba8822a,Brendan Atkins,Female,1988-04-07
03327932-b043-4e37-8036-3c7720b82ae2,Sarah Yoder,Male,1991-09-12
447d76e0-8cbe-4bf2-a19d-03f68bfb46d4,Joseph Wilson,Female,1988-11-22
6736a132-3b19-4db4-8328-934905ba8106,Jennifer Martin,Female,1985-09-09
f799d592-6a3e-4857-b469-70f91fec1d07,Garrett Sutton,Female,1999-02-01
c56e226a-c1bf-4397-9cf3-8c97d42b63b4,Denise Clarke,Female,1995-06-17
3214ecac-53f7-40cf-9a96-2a83bf4f5ab9,Heidi Jarvis,Male,1989-10-27
7feca27d-4799-4785-b593-e5248254dcc5,Bridget Vasquez,Male,1991-03-28
b26b315c-a712-45a2-9ea5-6efb6ae109d4,Christopher Williams,Female,2005-08-03
13c11922-91be-4055-86ba-883000aea94b,Corey Rasmussen,Male,1981-09-27
e8bbe8cd-9e3f-4a12-9f03-bb84209bba0f,Dale Ellis,Male,1995-05-04
91de2610-18cb-4915-8260-90a5e0a773c2,Daniel Burton,Male,2003-12-08
2c27e347-b4ca-490c-8c7b-245dbdb41103,Dawn Cunningham,Male,1999-12-26
9a71e3aa-0058-4baf-a500-b611d839c1b4,Roy Torres,Female,1984-01-21
a1ad50db-2dc5-4523-b2e6-17dba1c8f7c7,Jason Johnson,Female,1996-11-23
67fe22c9-b849-41c6-8c73-72f55d7eb237,Julie Dillon,Female,2000-02-27
de497703-222c-4dc1-9040-900455000c12,Kristin Payne,Female,1982-05-06
2d8eb70e-540b-4736-b3cb-5fc678088992,Shawn Burnett,Female,2000-03-22
3fdfa23e-463d-48d1-bf29-185f785a1e94,Sarah Smith,Female,1983-05-26
9a289109-0b68-462b-870a-ab6f7c982e47,Amanda Diaz,Female,2000-10-08
1118e32c-1e53-4d8c-8795-3d746059675f,Daisy Johnson,Female,1996-08-16
12ae9624-ff1e-4572-b167-68bdb20b614c,Cheryl Atkinson,Female,1980-08-18
c64c511d-05c0-4fd5-9497-1e1ac865967d,Shawn Cummings,Female,1983-03-02
f2e0f9b8-e254-44d1-b1a7-154cbb79be68,Mary Ruiz,Male,1984-12-27
a0be001a-31d3-42fd-baa7-a16437d68a46,Wyatt Hickman,Female,1985-01-12
11e2995a-cb01-4e31-8c8a-d0a2894d714b,Bradley Shannon,Female,1984-12-26
0e2af127-dc45-4497-9532-9ba25e2a5f36,Dennis Lopez,Female,1981-02-15
9b36f924-b3ce-47b3-8b08-8914366011ed,Matthew Harper,Female,1991-12-28
614cc623-7e62-4c82-8882-e8c961dc1c7b,Christopher Moore,Female,2001-11-01
2cfb653f-eb73-47f2-ad86-650c1eeb7b2f,Jimmy Bridges,Female,1994-06-06
0dc23902-073e-4d23-beb7-42e5f98a4b87,Ashley Santiago,Female,2004-08-29
8c7dd26d-91a5-4e17-a8ce-72a1786f684e,Justin Hunter,Male,2004-02-18
4a17e4b4-4013-42e0-8657-27d758d3a377,Eduardo Kennedy,Female,1984-05-02
4f085ed1-f5b0-4eae-8a20-1a8b5be0c9fb,Dr. Matthew Brooks,Female,1998-07-20
1546d557-abe9-4172-803b-5a9b2039d0b8,Carlos Bass Jr.,Male,1986-07-21
1005af40-3013-4f20-b906-36f49feacbb9,Kenneth Wilcox,Male,1980-01-29
0a24621a-97db-4eaf-b53b-1531a434dbda,Paul Gardner,Female,1983-05-27
c9e468fb-8709-4e90-a7a1-3340c0dfe65a,Charles Carpenter,Female,2000-10-22
78abd49c-f8e5-495a-8dac-53d3382498a3,Amber Clark,Female,1996-12-17
c2ecb9ba-40fd-45d3-ab98-44be9329d76a,Brian Bradford,Female,1985-02-03
08449e14-a480-4cb4-80a1-3f57874471c3,Tyler Miller,Female,1985-12-17
dae2c0e0-ec4e-4cff-a3f3-b5527f53bab1,John Miller,Female,2000-01-25
f77b5623-5a08-4ee8-97a0-e99683cbb56f,Brian Ford,Female,1991-02-20
d6e3f253-6437-4135-91e8-7a3e1550148e,Lisa Mason,Female,2003-03-03
6d8abc87-d71e-4a5d-afa1-fbe3993334cd,Ashley Santiago,Male,1984-04-14
b3f33ef2-d76a-4f07-a488-5d902263f755,Rachael Hobbs,Female,1986-10-23
fbb89820-373f-4a4c-8473-46cd8c20c4cc,Richard Lee,Female,1987-04-02
4a0dce39-0a92-42af-9a39-d33d0fa2051e,Janice Valdez,Male,1996-05-15
3b80ffb9-5fef-45a3-b8a2-91ab6b40fe8d,Tyler Spencer,Female,1980-01-17
11861938-eb84-44a0-aaf8-8752fd497628,Ronald Jones,Female,1997-05-10
0971e360-7f00-403e-9dec-88512c98ddac,Virginia James,Female,2002-08-07
788c55c4-fef3-40ca-8a97-579690a0fb10,Mark Barnett,Male,1981-02-26
78949826-97b3-4970-a5ad-bdffeeca7c41,Michele Allen,Female,1993-09-04
ea7592a7-a1f8-4082-b6f3-8077943d4709,Lisa Snyder,Male,1989-07-18
cbf026bf-7135-4c40-8c53-5a87dd267915,David Cooper DDS,Female,1994-08-26
6fba6d44-e00a-41be-8e34-5eee0a93565c,Jessica Robinson,Male,2005-02-12
9d4e863d-40b9-4d44-8303-01bad1a9d0d0,Lori Chavez,Male,1991-11-11
3fbcec81-0217-490a-ab96-4e1f7f9e6386,Derrick Brown,Female,1980-11-22
2717bf02-545d-4037-8a5a-b414197dc26e,Jamie Hughes,Female,1994-10-16
0367dccb-6cf2-4eb3-8fd0-4919e185d6fb,Sara Valentine,Male,1984-03-19
8bca62ce-6bc7-475f-8318-d8db9c440a22,Stephen Barton,Female,2005-04-28
52ea9dae-4f56-4626-be13-3ee04fc1ff9e,Gregory Hayes,Male,1996-12-02
2ecd400c-e9f9-4c63-9d76-a9a5ace684e6,Lawrence Mclaughlin,Male,2000-09-13
2888abd1-f590-4fcd-a348-95604e1425b8,Patrick Knight,Female,1991-11-03
6b85a4c3-3c85-4060-aee5-2ad8e0eda69f,Ryan Austin,Female,1986-09-05
0eb0be6e-6ff6-4c52-8542-4c48168705c9,Cindy Adams,Male,1987-06-05
105dc942-f5cd-48fb-8694-e59b86b693b0,Alyssa Riddle,Male,1985-01-24
0310ad05-5ad5-4f22-8625-b33e1f36ffee,Stanley Crawford,Female,1988-05-05
a68a7b4f-e988-4ddd-87b9-11cadcaba02c,Roy Stewart,Female,1991-08-23
b9cfc08b-6e9c-4470-81e1-01ff3d93c2d5,Debbie Lopez,Male,1996-05-31
06de9f34-bd6a-4d60-a79c-edfe723198e6,Nancy Hernandez MD,Male,1982-04-03
bd69f4d5-5cd6-4424-aada-3346bcfafb9c,Andrew George,Female,1980-12-01
9fe4bc69-d276-4b1e-8786-c82b7f25d738,Tamara Hinton,Male,1981-02-03
5403a97a-7534-4dcf-bde5-5747ffd08bc5,Mary Martin,Female,1982-05-20
d176e77f-3e28-48f8-86d4-eea2f12a94bc,Taylor White,Female,1987-11-23
1e2c6fc8-4a38-4f6b-a901-d788e2e187dc,Tammy Patel,Male,2000-04-20
db792f60-eebe-48d9-ad80-bc365468e4b5,Daniel Edwards,Female,2001-05-04
7b183c23-6d95-467b-8f47-cb7f89da1991,Connor Hernandez,Male,1999-08-24
5fc5d886-b1d7-4dd8-9d3f-e5c21bea5731,Sara Henderson,Female,1984-09-22
9d574478-25d5-4dd6-a50b-4794b909cca0,Mary Wright,Female,1991-09-04
129b9ea6-a1ee-4830-9822-79c57dd32fc2,Renee Clark,Female,1983-08-28
7e8270e6-28f3-4e6f-9740-8fe8c722e5ad,Jasmine Peterson,Female,1985-12-04
45f099de-8141-4746-a94a-cb6678a0689c,Kathryn Black,Female,1984-06-25
8ac13334-bea7-41da-b9c8-0ac4daeb356f,Kyle Logan,Male,2000-12-20
685f2453-f857-4bcf-a060-e0d779518ac3,Karen Bennett,Female,1992-05-07
4f36ef0b-422c-4849-9167-81eb507d680b,Kristina Garcia,Female,1985-02-12
b3773ba0-dd6a-4208-bd68-e17b0217945a,Kimberly Wilson MD,Female,2001-10-17
2baf0eb5-64ab-43db-bceb-0bdd9f67b22a,Andrea Rice,Male,1996-11-25
e26d81a2-c993-45e1-a81e-388e7229bdc6,Gregory Roy,Male,1985-06-13
1c59c893-ee61-49a9-af21-4fe581c4b352,Erin Chavez,Female,1998-01-28
196ed7e0-75ab-4c3b-b695-a59580d4cd04,Christopher Mason,Female,1996-10-01
43cdcbc6-921a-4549-80b6-018bde1085f5,Alexandra Chan,Female,1985-05-09
fbabe8d6-a19b-48c3-ab22-deff251a9935,Robert Cortez,Female,1998-10-22
d858a455-810b-48fa-b7a1-457744599862,Brett Webb,Female,2000-09-04
d587a056-95c9-470e-92ca-e705bf0c967c,Melissa Mcknight,Female,1995-03-16
059f884c-f9c9-4c75-82df-01c27809cd7e,Nicole Hall,Male,2001-07-09
d7b899cd-b58c-4a30-b17c-01c08a3df974,Ryan Rose,Female,2005-06-20
e08f9d3b-295a-43d3-8423-d7c16a40a404,Bill Owens,Male,1985-07-31
6f9e8ce4-1f5c-45f0-abb6-289d2fd9ae06,John Hughes,Female,2005-11-18
e78f6147-319c-4226-b6f6-553c9e28577f,Adam Roberts,Female,1994-12-13
a65cabd4-c9f4-404c-81db-d5ff21b831f7,Kathryn Mendoza,Male,1998-09-05
6ecdffed-4865-45b9-a26f-5bb5ee195b52,Lisa Jones,Male,1984-09-24
50ae71c6-1394-45e8-a98f-9925609807d4,Colin Campos,Male,1990-08-09
ef5c9db5-64c1-4645-9ce5-21442ea7da51,Nicole Jackson,Female,2003-04-12
e516c431-10b4-4d4f-973b-cacea769607b,Bryan Bell,Female,2002-11-14
2bbd95ce-a4f0-43fb-8ada-1e8101f89fda,Richard Li,Female,1989-10-01
ddc86b66-2253-4479-aad4-83ae50439e0e,Austin Tanner,Male,1995-12-17
ca36f44f-8481-49bb-8cb3-48695dc9c6c8,Jamie Howard,Male,1992-06-30
b46e0147-c436-4e21-9b76-7fd5dd3991a4,Justin Perry,Male,1983-09-12
7dbc20e4-171a-4a6e-888c-88ebe37adf34,Michael Thomas,Male,2001-12-29
4c17c2c1-7091-414b-99be-0c479142042a,Kevin Diaz,Female,1997-05-10
26b51b44-a846-4942-9941-1d40b35ca4c1,Kathy Brooks,Male,2003-03-31
5c8a85e1-dbec-4568-91ed-bf889f5609ff,Brandon Perez,Male,1985-03-08
d0394d15-f20b-4c87-a346-e51575c02777,John Nguyen,Female,1990-07-25
87508d81-b479-464f-bd14-b1ebca71d087,Katherine Ryan,Male,1998-05-17
0f4bde81-7e34-45f1-b993-73d17101a62f,Leonard Jackson,Male,1990-02-08
d35c3d08-83f2-4953-af67-182d7a9b1b42,Kristina Smith,Male,1996-04-03
291bb8b5-345d-4087-8740-f391461e4577,Christopher Pope,Female,2005-05-09
ea8cee48-2e8a-426c-95e4-92887cab0d9a,Aimee Dean,Female,2001-04-09
508d42c3-7b78-4306-a205-7776270ba65e,Alejandra White,Female,2001-03-19
8ae23fe1-e3d9-4607-81ae-f3d56ecffbdf,Michael Walker,Female,1999-10-31
0615ede4-3dfe-4af7-83d2-455cf90e8a9b,Brian Porter,Male,2000-02-24
37889cee-ac9a-4c72-9edc-af0193b397a7,William Rodriguez,Female,2005-07-19
1f9793f3-08db-407e-bfd8-65b87b167699,Rhonda Watkins,Female,1999-08-19
61ed46e1-ee17-41c5-b0bb-6e6ad38e1cd0,Hannah Ross,Male,2004-11-05
808ae741-2196-436d-bdf4-bd29699ef60a,Matthew Green,Female,1984-03-04
55af481a-2f1e-4697-8173-40580f370fd7,Brian Lopez,Female,1982-03-13
fc00a61f-e31a-415d-99ca-ab706e7f0d98,Shane Yates,Male,2005-11-19
d2a2a56e-44cc-4b71-98b4-fdc472e8e880,Troy Henry,Female,1986-08-09
21ea0c3e-db58-4616-92c3-ce0f7492d19b,Sarah Smith,Male,2000-08-23
49a6d4d0-2ffc-4909-aee8-fdf44465f736,Gregory Rush,Female,2003-11-08
442f58a0-c41a-49b6-972b-01ccb9e5475b,Kristin Benson,Male,2003-10-13
8ca0d431-cd02-40a4-9a42-36b818e98002,David Barton,Female,1986-02-08
958d603a-c970-4238-801d-51fd57a41034,Sarah King,Male,1984-12-21
f46d3a50-f4b8-4503-815d-d746936208ea,Carl May,Female,2000-11-09
ca3bd13e-f324-40dc-b276-678272c2c1ed,Jacob Ingram,Female,2005-06-21
99a7802a-2f43-418d-b32a-51e23bf452a0,Vanessa Howell,Male,1984-11-21
05b6e1e2-ea51-42d5-90d7-f031e4c99eeb,Jordan Mayer,Male,1987-07-15
0ddb0100-ca0f-40b5-b2a6-ae24a032a396,Douglas Johnson,Male,2001-10-26
3acd3d8a-2127-4652-b5c8-8a77fe3ad9b6,Amy Hall,Female,1999-01-28
66c57ad1-f684-45dd-b496-c0109a0c7500,Paul Perez,Female,1981-10-10
7c91309c-6e8e-4d87-a1c6-13cdaa4d24e5,John Gross,Male,1988-02-17
b8ec25ff-72e9-42da-a4ee-f2d232a24bbe,Valerie Bonilla,Female,1987-12-10
226d90bf-6164-47b7-ad3e-05372ef7abb4,Cameron Fuentes,Female,1985-06-08
4a5cdcd2-3570-437b-b383-72a357d3e314,Robin Sanders,Female,1991-09-06
57c480d8-469d-44b0-b600-901258916d68,Sharon Hardy,Female,1993-02-15
77e8e82e-e895-4ee0-8785-18ea7b55a7bc,Christine Miller,Female,1981-01-10
78dfaebc-9c50-4dd7-a0cd-11dea338b2e8,Christopher Foster,Female,1983-03-30
17870069-32d9-4a07-8d4a-d59521f80ce4,Angela Smith,Female,2000-08-29
d8c7e63c-f4be-440a-8840-5083d9300785,Shawn Stevens,Male,1982-10-10
a97b745d-a4da-4eac-a2f7-e4720d8fa8e9,Kevin Tucker,Male,2003-04-13
db199ee8-b744-4117-a186-cb32160f1f0f,Brenda Kent,Male,1981-05-11
07c9053a-7412-4511-9e2a-f573479df89e,Mr. Leonard Mccullough MD,Male,1990-12-18
3c92a2e1-9137-4f11-be96-7562a6d338ba,Kaylee Pena,Male,1998-03-13
f5aece36-a6c9-4900-8177-1b6fcce509c9,Lisa Palmer,Female,1981-03-17
2d323ee7-d6ee-4a53-bb98-7ea5b1dc71dc,Joseph Shah,Female,1986-09-13
265c1f52-cfd7-48af-ae99-6f39b87a5a66,Reginald Smith,Male,1986-06-05
91d88d5f-fe41-4bab-abb9-1958dcc45db7,Samantha Miller,Male,1984-06-21
6a142b1c-187b-4dbf-8ae8-5afaa2a794f3,Angela Roberson,Male,1985-07-14
8635a7dc-269a-48c2-b708-53883d1ad5b3,Rachel Rodriguez,Female,1982-12-03
ec9d8f0a-f272-45b6-92b8-cd9f1455a5c5,Kimberly Butler,Female,1994-03-11
8addf861-a617-41c4-97bf-61a6eee9478e,Robert Everett,Female,1999-07-27
d34eaa5f-90e6-4af1-b060-8e8268795f68,William Garrett,Male,1982-07-09
6d72b906-9469-4458-b26f-eab4fe8a9043,Derek Brown,Female,2000-10-12
a32de5ef-09df-469c-830c-12a19cd69114,Abigail Lindsey,Female,1989-11-21
2338dbce-5f7c-4f96-b096-d30728d562d8,Mary Jordan,Female,1986-08-01
d284caf8-90fc-4385-b29e-29d74463266a,Frederick Singh,Male,1986-11-23
ad9f279b-5639-480f-bcff-c6f538a02af8,Anna Fleming,Male,1983-01-01
f81a1064-fa8b-4fdb-812e-c7c8191c9a91,Maria Macdonald,Male,1986-04-26
f99c4557-011f-4911-b070-74916918ef88,Latasha Spencer,Male,1997-07-31
e8ac0116-4d81-4ea0-93e1-b03fffb22cb2,Richard Jones,Male,1983-01-23
529ba06a-453d-4a6d-93b5-b04d97d6cfe6,Holly Harvey,Female,2005-04-30
1dddde6f-ef2e-4171-bc82-63224158eaf6,Nathan Mendoza,Male,1999-07-01
188e5d40-bd47-4199-a6cf-7a50bb3d06c6,Tyler Ramirez,Female,1987-09-29
d9c33013-c622-4c3d-830e-81e5161c5401,Joshua Harris,Female,1993-09-15
bdecbc09-3c1d-432b-ad24-39560455f565,Duane Martin,Male,1983-11-03
7e79c8e6-fc27-457d-a3a4-ae510864afe8,Ashley Bradley,Female,1980-12-15
1fcf150a-d7aa-47a0-8648-05062ac81787,Debra Morrison,Male,1987-04-26
b299483f-5090-41c8-9698-e9f443b76744,Andrew Anthony,Female,1988-06-01
13b05832-b5a7-4db4-8fd5-88aa0bc48e6d,Elizabeth Cole,Female,1984-06-13
ab748148-6ec0-4cc1-850d-3ecd5a264970,Dorothy Arnold MD,Female,2000-02-01
fe85fc17-fc72-404c-80c2-e45337808761,Kevin Hardy,Male,1995-12-29
e09309a3-7c0d-4242-99be-10f0d8992eca,Leah Miller,Female,2002-07-06
8d1c68db-0f9c-4e10-af97-e6145e2f1be3,Amanda Chapman,Male,1994-02-21
36e0da6d-ae68-43ea-9c3b-711385bd8d1c,Brian Estrada,Male,2002-03-22
4bc24988-0811-4324-a5c1-62f42a4d6abb,Daisy Rocha,Male,1987-05-04
ee9d01a7-601b-4241-a8e3-56e1fdf73355,Barbara Smith,Female,1980-05-27
2b6c8ee6-2651-417c-8dff-46e3aa1108fd,John Hartman,Male,2005-04-24
f8135278-28b2-4fe3-b410-6ef413f18651,Joseph White,Female,2004-03-14
befa2129-9dfa-4ff4-838c-1ef3f134512e,Matthew Morgan,Female,1984-06-27
66e6ab2d-b173-40d9-b697-9af40e65bb4e,Misty Robinson,Male,1984-09-17
3f45b4c2-0731-4737-a808-bdefad202179,Amy Roberts,Female,1993-09-23
79ca342f-ae87-495b-9e80-d1d3f0ff56af,Nicholas Gray,Female,2004-05-08
baec936c-6a6f-4296-a2b7-5d6af4b1f3f1,Lori Murphy,Female,1987-03-19
6181e1a0-298f-40f4-a2be-fd82a14597f4,Matthew Walker,Female,1983-04-04
8ad4f61f-5cf2-46a5-9dcd-9ad3ac11cead,Samantha Anthony,Female,1981-09-11
7d1547f3-ac11-4db6-b8eb-fc125db8ef60,Ryan Byrd,Female,1996-02-25
4a91d4fd-6e90-4bab-a0ba-53411292b747,Christopher Schmidt,Male,1980-01-04
7be31833-9c6a-4b87-a9c2-3b5e4ef65413,Dana Wolfe,Male,2001-07-12
1cc8ce21-92bd-4ab6-a5dc-18cab85a3400,Andrew Hicks,Female,1988-07-11
0b2865d5-a71c-4064-82b1-168e100af168,Chelsey Ramirez,Female,1994-08-08
6eb67047-595b-4444-9dc9-07a223aafb3b,Melissa Sanders,Female,2004-07-09
28e3c592-9c67-457b-bea9-5e24d1534308,Jeffrey Joyce,Female,1989-10-05
d68a201e-b1c1-441d-9115-2646f86bc9ab,Megan Faulkner,Female,1992-05-28
2bf8f6ce-2a1d-4af6-b8d1-c88addac5335,Jeff Brown,Male,1996-07-29
a20e82b5-a977-4af1-a4f1-ab6f178fd185,Gloria Huynh,Female,2001-07-12
2c5ddd57-8a4c-422c-b182-25c11b8e204c,William Lopez,Female,1987-05-23
e1a73a36-7402-4a91-a874-b77f98a2b780,Stefanie Stewart,Male,1992-07-13
fd676074-b347-4a22-878e-34f40c10cac7,Rebecca Thomas,Female,1998-03-27
8b595c7a-4bbc-4870-b92e-5f60e084b399,Marcus Wood,Female,2005-10-23
07887ea3-41bc-4af0-80ab-62dcdec0bd6b,Sean Bates,Female,1991-09-07
e6edf1b9-a593-43b3-94d0-9e81b26daf1e,Melissa Austin,Female,1989-07-01
b2e45472-c5f9-4c26-b8d1-71a805f0f847,Ronald James,Male,1980-09-26
635915fc-8040-4980-99ac-8a47e1e6fa21,Gregory Rodgers,Male,1982-11-27
fb5863a8-c697-4652-ac8d-39067ae1241d,Elizabeth Blanchard,Female,2005-05-02
eb9caa0a-5bf5-4cc8-a998-855ad6efe674,Pamela Johnston,Female,1998-02-25
44ac9d1d-e381-4440-8804-713f1a1e3244,Andrew Rosales,Female,1996-10-11
9ae3fb40-1b8d-4239-96ec-8679adf8c5cf,Carrie Mueller,Female,2000-06-20
53867071-952e-4b0f-b7f5-d8d79318b58c,David Nguyen,Female,1993-12-21
f0e30c94-3522-4456-a6d8-8f2bc6f86d4a,Brittany Wells,Male,1996-05-13
e8c4a27b-6cb8-480b-abf2-ec3c9f13ca11,John Fischer,Female,1993-06-06
63f172fe-d9ed-4b6e-9e4d-a8e2204abb3e,Mary Vargas,Male,1985-03-06
fbd824ea-81d2-42e8-a862-af8e38ee0934,Ian Tapia,Male,2004-05-02
bc5e5bd0-597b-4829-a23f-23fe2e8074b4,Derrick Black,Male,1994-03-24
c1ef4b32-92c8-48b1-82b9-50ebab8fc146,Casey Estrada,Female,1982-03-13
d34a0caf-e077-442c-88b0-0ceee1f98353,Gina Green,Female,1980-05-03
3df3f2e6-4810-4f11-bcc5-dc7cfc8a748d,Philip Lin,Male,1992-10-13
762689c5-79de-47c1-ab77-0271d735cc85,Jason Jones DDS,Female,1995-01-07
0defeee4-c97d-495d-9e3c-3ae7c6713218,Andrea Randall,Male,1995-09-03
50c873a2-7c51-4079-9203-59b67e6e4eaf,Valerie Howell,Female,1987-08-30
8bbf7741-38a2-45e6-b77f-a2e44bf0d2ee,Robin Reed,Female,2003-07-07
1e30ede2-af69-4720-aaca-e838ac3ce273,Lee Hill,Female,1980-08-16
b0f55876-74ba-4219-8dae-08868185db7c,Joanna Jacobs,Female,1982-06-05
140eb871-ef81-4a4f-a786-fa84d7b571ba,Robert Riley,Female,2005-08-14
444bbc06-7c0e-455b-8cdb-603159c6f0b3,Stephanie Sherman,Female,1990-05-24
95a6e3ac-a6e1-4ab9-bbac-7e97095115e5,Pamela Peterson,Male,1980-03-03
208c116b-a6b7-4ea2-bde7-57e0bae726d3,Margaret Houston,Female,1989-04-23
5823a854-34c2-4183-b67b-84edc3fafe4e,Cindy Gomez,Female,2004-07-10
18eb8f80-ffe7-4629-a219-62611f1a8ae3,Katherine Martinez,Female,1990-10-20
bf82d663-a24b-4b24-9ca6-5dead2598cb0,Brittney Baird,Male,1988-06-17
dfd6b045-6e4e-4763-818f-922b17f417fa,Benjamin Salinas,Male,1981-09-30
0ea421ea-bbbd-4a1d-a724-032e89405b30,Kyle Mckinney,Male,1999-05-17
d81dc5a0-87d5-430e-97a4-b1d3ee0a26ea,Gerald Figueroa,Female,1981-07-22
cba5aaa2-cf62-4823-88f8-07d42b4ae6b6,Kelli Williams,Male,1993-02-13
74a54835-2c8d-476e-bf87-0d4f59e22aa4,Benjamin Gilmore,Male,1991-08-19
af0bf58d-621f-4d90-b5eb-55573882fd5d,Noah Jones,Male,2002-07-20
68f5f286-0c2d-412b-9061-c05f9f48afc9,Robert Allen,Female,2000-07-17
3619a6dc-56f1-4646-8b57-a30feef28c7f,Daniel Greer,Female,1981-11-28
5fa996bd-fa44-43cb-bfa0-b085d1f644b1,Mackenzie Torres,Female,2000-04-30
02130e7b-be5c-4ea6-8de1-2a9f56597737,Sandra Crawford,Female,1990-09-02
fa54f674-c2cf-497f-8d40-e4ea31baf508,Charles Pineda,Female,1986-03-12
3ae477c3-0742-4b95-ba5c-601773dcc121,Lucas Fields,Female,1985-05-12
cab219e8-8a22-4e2c-90fc-fadfb9a6216e,Jeffrey Durham,Female,1987-08-05
dc1934d1-d57b-42a5-99b1-a767f518876b,David Oconnor,Female,1998-01-25
5239b329-a679-40d4-bc3c-1f5191fa62ed,David Freeman,Female,1988-10-25
4f394563-0e54-4dac-ac66-407aeca1c86b,Angela Vasquez,Female,1997-01-23
07d9aa27-a7e7-4764-a509-30170d37d7c4,Donald Diaz,Female,2004-10-21
de96758a-8d4f-4de6-a952-5e989c41b4b8,Traci Patel,Female,1982-07-05
59d99b37-8eef-4b55-8f96-24985f4379d7,Jeanette Johnson,Male,1997-02-24
0aaa8a7b-19f8-4bb9-ac48-4f18eea1873f,Natalie Hatfield,Male,1991-05-04
d6ad1d6f-ccc6-41c0-8a2e-0ceacbd78bfd,Paula Craig,Female,1992-06-07
07b322c3-370c-4527-afba-658e6aa6c161,Carla Jensen,Female,1997-04-23
910d06c2-3503-4a81-967f-a6d650af9f4c,Michelle Conner,Male,1992-11-17
3270cc47-3afa-4100-9ee4-e0f28c5d4045,Daniel Monroe,Male,1981-08-20
b732bd7f-f71c-4a1f-a36f-2a06028c2feb,Rhonda Bowen,Male,1980-12-27
4cfdda04-deed-4208-bdc9-bb7e54b58d91,Rachael Kelly,Female,1996-08-05
4e14a5a1-e308-4353-ad13-a24869471afc,George Farrell,Female,1988-05-18
cbb75b42-3c0f-434d-bade-b6335344f0ed,Matthew Roberts,Male,1986-01-13
bd1c981b-fefb-4737-b313-a65efd83d5c3,Natalie Hatfield,Female,2003-05-29
0330b24a-07aa-4a3c-998a-5ecc2e6dc5ae,Jordan Mccullough,Female,2002-06-17
73ad5f68-a2a1-4122-b0c6-d170f450cc57,Alexandra Colon,Male,1988-01-27
f394179f-2c3a-4be9-bd20-79b1f3fda40c,Kimberly Stark,Female,1995-03-14
87f7c5f0-5d22-4f90-9fc3-a93839c0f3ac,Courtney Dunlap,Female,1982-06-16
59f4b96f-88bd-4f68-95e6-139be17b439a,Martin Barnes,Male,1999-01-31
e848ba4a-9ed2-4cd0-ac92-f0be3392896f,Laura Reynolds,Female,1985-01-10
1185787d-64ee-4284-ada1-db4595ffa65b,Julia Velazquez,Male,1985-08-08
cc28c81a-5b35-4e5f-b92c-a40fc58a9453,Mary Mills,Male,1981-10-08
af6c7c1d-4278-43a2-8587-33da8f7ed17c,Elizabeth Davis,Female,1985-09-15
db78e7de-2bef-47c3-85c4-c6009800a67f,Kelly Johnson,Female,1998-02-01
5f67c1f2-9aec-4480-aa13-9675eea11ba7,Anthony Murillo,Female,1994-08-02
f7440845-14fc-4ba8-9b52-2b952207c061,Kerri Blair,Female,1980-09-22
967827be-24c0-4dda-b300-766b8dcb7583,Elizabeth Ford,Female,1981-01-26
43630269-8baa-45da-8d4b-cee22d31bac1,Maria Cabrera,Male,1984-04-17
9dfa3fbe-7315-488c-8b1d-0649df23f2f2,Kimberly Morris,Female,1991-12-04
d72d554c-2cf8-455a-8978-161e0c9dc12d,Melissa Larsen,Female,1991-12-23
ac84855a-c284-43f0-9a4a-a6790e2de5ec,Melissa Harris,Female,1991-12-31
b68bc120-efc2-4889-8bc9-fe1d1c5a1b7f,Carmen Arnold,Male,1990-11-01
50378f4c-0685-4614-a851-992d4186d4a7,Nicholas Ballard,Male,2004-04-26
b5c96ca9-3b73-40b2-abf9-d57e1a03f4e1,Joseph Brown,Female,2005-02-18
f9dbb511-8a37-40ae-9a51-d2174a500d2e,Kimberly Jones,Female,2000-01-22
ad07ba9b-7cfb-4bd1-983f-05675226b55e,Anthony Dunn,Male,1997-02-10
54136217-dbf1-4167-bb4a-04fe3cc560ce,John Lowe,Female,2005-04-25
86b0273b-fc2e-48bc-8b8f-e751927e82d7,Eddie Glass,Female,1987-03-30
91586051-03a0-4b64-9a6b-71cc622ee5f9,Jennifer Castro,Male,1985-12-08
a5186377-1865-4201-a146-84cda2ef309d,Joseph Murray,Female,1997-07-10
85e1e9a6-4466-4de1-b25f-3b6df66c6653,Dustin Clarke,Female,1998-02-03
dca95ad9-d9df-4180-a201-1ac9cd3643d4,Tanner Collier,Female,2001-10-18
61dd41f6-ddbf-4787-beb9-e999deea05a1,Dillon Coleman,Female,1994-07-22
7f743b53-f9fc-4b31-9436-e96f0a94f529,Joanne Mahoney,Female,1996-12-13
66ed5e32-5a04-47b3-9b02-557cad1b2fae,Alexis Gutierrez,Male,1994-12-13
bc46b055-3518-4917-837e-cc12288524e2,Kimberly Lewis,Female,2003-03-27
00478f33-7c2c-410f-bd43-d79f821cd194,Jonathon Williams,Male,1997-11-28
6e3a08ab-a795-4bef-9ac3-1cdca66a441d,Kimberly Jackson,Male,1993-12-23
27e570c5-6f15-4f7a-bcfa-f21dd2915a58,Janet Martinez,Male,1992-06-10
99876fb2-858e-4e3d-99cd-28e1df78b3e5,Jeffrey Woods,Female,1988-04-23
22b3707d-ab1d-42b6-8f30-0dbf26c21b0e,Christopher Hall,Male,1980-12-11
e88eface-3b7a-4b0d-a78f-f3a317b1db33,Angela Clark,Female,2001-05-18
90d0f3af-35d3-4ebc-aa85-a7b9d766a74d,Michelle Barnett,Female,2000-08-04
f8c66051-792a-40c1-9520-221dc9e0d5cf,Steven Williams,Male,1983-01-25
ed73040d-afe2-47b4-a7f1-0d2fc510ad36,Miss Carol Garcia DDS,Female,1996-06-28
789670e9-5e73-41a7-9331-7ceeefb08091,Samantha Ward,Female,1986-05-13
0a763e00-af40-4415-bfea-e524d0ff18b8,Sarah Haney,Male,2005-03-20
d8031895-a795-462c-80bb-c30170b90506,Katherine Spencer,Female,1995-12-23
860a5370-7d52-4acc-8832-6d1240c7ac9e,Duane Myers,Male,1995-07-20
c913a981-89b4-4718-86ac-389ab662cc7f,Angela Weber,Male,1997-10-18
afdbf4e6-1df3-47c9-b5a3-a5d6ab049493,Kaitlyn Branch,Male,1987-09-07
373897b8-a8ba-48e1-81d1-87a24575deea,Stephanie Reyes,Female,1989-12-27
1520eeab-5eb6-4a31-b2a7-bf6803468b74,Natalie Johnson,Male,1990-02-28
a29107ed-f789-4a36-837b-778440eb3e50,Christopher Cain,Male,1982-05-02
6521e8e2-e417-49c0-a9e0-901fc6ea2c31,Mary Harrington,Male,1990-07-28
0c139d91-1d32-4a34-bc9a-1296f36248c6,Courtney Lee,Male,1986-12-21
1b363e0c-6504-4220-bb90-5bdd8ab1f8ac,Brandy Dean,Male,1994-10-02
299df427-1334-40f7-93f4-b1539c2dd27a,Mrs. Stephanie Riley,Female,2004-11-07
e70fb808-36c6-4047-bc14-3c48334aeafb,Paige Gonzales,Female,2001-05-11
cb6c1f07-e83e-4e97-9933-ddc99e51c9f0,Natasha Carter,Male,1996-04-20
89f8e3b4-2466-4b7e-8ee8-d174b2aec967,Susan Odom,Male,1996-03-07
6c4a6295-5b1b-4483-9da3-0b40aedca3dd,Kimberly Rodriguez,Male,1998-02-13
dc379295-eb59-47cd-bd6b-3bc75898b5a3,Nicholas Curry,Male,2002-08-04
9ac32ad1-ba34-4794-807c-79914d580671,Brandy Harrington,Female,2000-07-14
d0f4a4a6-b3bd-4a44-907e-170115145f1d,Derrick Smith,Female,1993-01-06
4b352333-2a8b-4e95-a28c-8d9327743974,Joseph Pope,Female,1998-05-01
8860a75a-8dfb-4c64-add1-300d255ab2aa,Steven Atkins,Female,1988-07-28
6886f3b2-d2ab-4c36-a402-08a60b3efd0e,Lori Butler,Male,2002-08-11
1ae58c89-74ee-4117-b1d3-efd781a2e0d0,Alicia Blake,Female,1993-06-25
bf678176-20e5-4cde-a179-32ab3633780d,Kathleen Hudson,Female,1997-09-19
e7f109f6-5bf8-43ca-82da-5ca5452a5100,Jacob Mosley,Female,1999-04-28
66131ad6-b805-4d6d-8944-9a84c62b400e,Roger Carroll,Female,1981-11-23
6c597f25-b520-41ad-b5e5-382dee8c47ff,Thomas Williams,Female,2002-12-30
356b9d92-de38-4367-8aa3-b2e8f5f5e7a1,Shirley Kim,Male,1994-04-19
b87b351a-82d9-4416-a43a-83e33d8c15f0,John Barton,Female,2000-05-31
b1d93d09-7766-4f2d-a7f7-c69bd8c6741c,Chelsea Schultz,Female,1987-09-01
9a55cd56-d0a7-49a7-8437-ca37330f6feb,Michele Moore,Female,1990-06-28
f1dc32c9-c3fe-4671-8b47-442f373e0ac3,Victoria Wood,Male,1981-04-26
d9f2f381-08f5-4b23-8349-c007387db5c8,Chad Garcia,Female,1997-05-08
14baf576-4222-4d34-8e11-c1628bfe8225,Michael Rodriguez,Male,1995-09-04
845cd13d-ffd5-420a-b9f7-ced8a88a63f2,George Ortiz,Female,1989-06-28
9de762a7-5517-4621-befd-817498a21b5b,Alyssa Cruz,Female,1987-10-29
26692a92-33b8-4237-8a01-8b1df8bc80d8,Elizabeth Snyder,Female,1992-03-30
c2bfd3a6-ed15-4126-b37c-3bd417dbcf3b,Daniel Little,Female,1999-11-07
dd975d48-7206-48e7-8584-6b36e2061e7a,Mr. Clayton Kramer,Male,1986-04-09
f0f4461b-1f13-4a25-807a-0f0e492da197,Katherine Griffin,Male,2004-07-31
8574424a-91ad-4d4d-abcd-b03d0b1df370,Wyatt Carter,Female,1987-03-08
08413c83-43e5-4e4e-a325-272392e47cea,Kyle Carroll,Male,1999-12-07
bbe7cbf9-569e-45d5-9377-f68c76d90d2a,Judith Swanson,Male,1990-12-31
e5290a85-bc75-4371-b59b-f24ec2112dc9,Lisa Mendoza PhD,Female,1990-05-09
2eac8fe6-8589-41b8-adae-ca10f31fbd34,Jerome Martin,Female,1996-12-10
078a0b2d-ae61-420d-9686-0c8d2ccba8ba,Thomas Martin,Male,1992-06-02
d5e416a2-5a13-40dd-826a-a531ddc02d01,Abigail Wolf,Female,1999-03-19
bd872ff1-04f4-4ccf-9a43-68e0c1d4be10,Michael Steele,Male,1997-09-19
dc886a68-1b0e-47f2-9963-0df63e8f6114,Anthony Waller,Male,1988-10-07
f52f12c3-9280-4f8a-afe8-755ee97d765d,Lauren Waller,Male,2000-12-16
2b6e9b78-8d96-4f23-82c9-dd2861ef95f0,Edwin Marquez,Male,2003-04-15
293317c9-1398-4218-a01d-57d020306750,Desiree Scott,Male,1981-02-11
834466ab-c6ef-4e76-83ea-df9707a1e142,Megan Jones,Female,1986-01-16
a226d1bd-9171-4263-862e-683de1167deb,Mark Brown MD,Female,1991-04-19
f692d9d5-cf62-4c99-b441-645eaa3cc13c,Mark Guzman,Male,1987-09-14
abe69938-975c-4bfb-b96d-1e258628feae,Samantha Coleman,Female,1992-09-14
2a4a2844-09fe-4a46-b8c0-d2bbd3ff2017,Janet Robles,Male,2005-12-26